\BOOKMARK [0][-]{chapter.1}{\376\377\004\041\004\077\004\065\004\106\004\070\004\104\004\070\004\072\004\060\004\106\004\070\004\117\000\040\000V\000e\000r\000s\000i\000o\000n\000\040\000I\000V\000.\000S\000M}{}% 1
\BOOKMARK [1][-]{section.1.1}{\376\377\004\030\004\101\004\105\004\076\004\064\004\075\004\113\004\071\000\040\004\064\004\070\004\060\004\063\004\075\004\076\004\067}{chapter.1}% 2
\BOOKMARK [1][-]{section.1.2}{\376\377\004\034\004\070\004\075\004\070\004\074\004\060\004\073\004\114\004\075\004\060\004\117\000\040\004\072\004\060\004\100\004\102\004\060\000\040\004\075\004\060\004\061\004\073\004\116\004\064\004\060\004\065\004\074\004\076\004\063\004\076\000\040\004\074\004\070\004\100\004\060}{chapter.1}% 3
\BOOKMARK [1][-]{section.1.3}{\376\377\004\047\004\102\004\076\000\040\004\076\004\067\004\075\004\060\004\107\004\060\004\065\004\102\000\040\000`\000`\004\062\004\101\004\121\000\040\004\101\004\076\004\062\004\077\004\060\004\073\004\076\000'\000'}{chapter.1}% 4
\BOOKMARK [1][-]{section.1.4}{\376\377\004\037\004\076\004\100\004\117\004\064\004\076\004\072\000\040\004\100\004\060\004\061\004\076\004\102\004\113}{chapter.1}% 5
\BOOKMARK [0][-]{chapter.2}{\376\377\004\037\004\065\004\100\004\062\004\113\004\071\000\040\004\063\004\065\004\071\004\102\000:\000\040\004\077\004\100\004\065\004\064\004\101\004\102\004\060\004\062\004\073\004\065\004\075\004\070\004\065\000\040\004\075\004\060\004\061\004\073\004\116\004\064\004\060\004\065\004\074\004\076\004\063\004\076\000\040\004\101\004\065\004\072\004\102\004\076\004\100\004\060}{}% 6
\BOOKMARK [1][-]{section.2.1}{\376\377\004\055\004\074\004\077\004\070\004\100\004\070\004\107\004\065\004\101\004\072\004\060\004\117\000\040\000t\000a\000r\000g\000e\000t\000-\004\102\004\060\004\061\004\073\004\070\004\106\004\060}{chapter.2}% 7
\BOOKMARK [1][-]{section.2.2}{\376\377\000R\000e\000p\000r\000e\000s\000e\000n\000t\000a\000t\000i\000o\000n\000\040\000p\000a\000s\000s}{chapter.2}% 8
\BOOKMARK [1][-]{section.2.3}{\376\377\004\035\004\065\004\074\004\065\004\064\004\073\004\065\004\075\004\075\004\113\004\065\000\040\000a\000n\000o\000m\000a\000l\000y\000\040\000t\000e\000s\000t\000s}{chapter.2}% 9
\BOOKMARK [1][-]{section.2.4}{\376\377\004\021\004\073\004\070\004\066\004\060\004\071\004\110\004\060\004\117\000\040\004\106\004\065\004\073\004\114}{chapter.2}% 10
\BOOKMARK [0][-]{chapter.3}{\376\377\004\023\004\070\004\077\004\065\004\100\004\067\004\060\004\100\004\117\004\064\000\040\004\070\004\067\000\040\000Y\000u\000k\000a\000w\000a\000-\004\070\004\075\004\062\004\060\004\100\004\070\004\060\004\075\004\102\004\075\004\076\004\101\004\102\004\070\000\040\004\070\000\040\004\060\004\075\004\076\004\074\004\060\004\073\004\070\004\071}{}% 11
\BOOKMARK [0][-]{chapter.4}{\376\377\004\034\004\070\004\075\004\070\004\074\004\060\004\073\004\114\004\075\004\060\004\117\000\040\004\072\004\076\004\075\004\065\004\107\004\075\004\060\004\117\000\040\004\060\004\073\004\063\004\065\004\061\004\100\004\060\000\040\004\075\004\060\004\061\004\073\004\116\004\064\004\060\004\065\004\074\004\076\004\063\004\076\000\040\000b\000a\000s\000e\000l\000i\000n\000e}{}% 12
\BOOKMARK [1][-]{section.4.1}{\376\377\000B\000i\000m\000o\000d\000u\000l\000e\000\040\000t\000a\000r\000g\000e\000t\000-\000l\000e\000d\000g\000e\000r}{chapter.4}% 13
\BOOKMARK [0][-]{chapter.5}{\376\377\000M\000u\000l\000t\000i\000p\000l\000i\000c\000i\000t\000y\000-\004\077\004\065\004\100\004\065\004\061\004\076\004\100\000\040\004\076\004\064\004\075\004\076\004\063\004\076\000\040\004\075\004\060\004\061\004\073\004\116\004\064\004\060\004\065\004\074\004\076\004\063\004\076\000\040\004\077\004\076\004\072\004\076\004\073\004\065\004\075\004\070\004\117}{}% 14
\BOOKMARK [1][-]{section.5.1}{\376\377\000Y\000u\000k\000a\000w\000a\000\040\000c\000o\000m\000p\000l\000e\000t\000e\000n\000e\000s\000s}{chapter.5}% 15
\BOOKMARK [1][-]{section.5.2}{\376\377\004\047\004\102\004\076\000\040\004\064\004\065\004\071\004\101\004\102\004\062\004\070\004\102\004\065\004\073\004\114\004\075\004\076\000\040\004\062\004\113\004\062\004\065\004\064\004\065\004\075\004\076}{chapter.5}% 16
\BOOKMARK [0][-]{chapter.6}{\376\377\004\027\004\060\004\074\004\076\004\100\004\076\004\066\004\065\004\075\004\075\004\113\004\071\000\040\004\075\004\076\004\101\004\070\004\102\004\065\004\073\004\114\000\040\004\070\000\040\004\067\004\060\004\077\004\100\004\065\004\102\000\040\004\060\004\062\004\102\004\076\004\074\004\060\004\102\004\070\004\107\004\065\004\101\004\072\004\070\004\105\000\040\004\102\004\100\004\121\004\105\000\040\004\077\004\076\004\072\004\076\004\073\004\065\004\075\004\070\004\071}{}% 17
\BOOKMARK [1][-]{section.6.1}{\376\377\004\042\004\076\004\107\004\075\004\060\004\117\000\040\004\072\004\073\004\065\004\102\004\076\004\107\004\075\004\060\004\117\000\040\004\063\004\076\004\074\004\076\004\073\004\076\004\063\004\070\004\117}{chapter.6}% 18
\BOOKMARK [1][-]{section.6.2}{\376\377\000S\000p\000i\000n\000-\004\101\004\102\004\100\004\103\004\072\004\102\004\103\004\100\004\113\000\040\004\070\000\040\004\077\004\073\004\076\004\101\004\072\004\070\004\065\000\040\004\105\004\060\004\100\004\060\004\072\004\102\004\065\004\100\004\113}{chapter.6}% 19
\BOOKMARK [1][-]{section.6.3}{\376\377\000D\000i\000r\000a\000c\000\040\000z\000e\000r\000o\000-\000m\000o\000d\000e\000\040\000g\000a\000t\000e}{chapter.6}% 20
\BOOKMARK [0][-]{chapter.7}{\376\377\004\020\004\104\004\104\004\070\004\075\004\075\004\113\004\071\000\040\000f\000a\000m\000i\000l\000y\000-\000c\000a\000r\000r\000i\000e\000r\000\040\004\070\000\040\004\072\004\060\004\075\004\076\004\075\004\070\004\107\004\065\004\101\004\072\004\070\004\071\000\040\004\102\004\100\004\070\004\077\004\073\004\065\004\102}{}% 21
\BOOKMARK [1][-]{section.7.1}{\376\377\004\037\004\076\004\073\004\075\004\060\004\117\000\040\000a\000f\000f\000i\000n\000e\000\040\000g\000r\000o\000u\000p}{chapter.7}% 22
\BOOKMARK [1][-]{section.7.2}{\376\377\004\041\004\062\004\117\004\067\004\114\000\040\004\101\000\040\000g\000e\000n\000e\000r\000a\000t\000i\000o\000n\000\040\000a\000t\000o\000m}{chapter.7}% 23
\BOOKMARK [1][-]{section.7.3}{\376\377\004\041\004\102\004\060\004\102\004\103\004\101\000\040\004\075\004\076\004\062\004\076\004\063\004\076\000\040\004\077\004\100\004\070\004\075\004\106\004\070\004\077\004\060}{chapter.7}% 24
\BOOKMARK [0][-]{chapter.8}{\376\377\004\032\004\060\004\075\004\076\004\075\004\070\004\107\004\065\004\101\004\072\004\076\004\065\000\040\004\075\004\060\004\100\004\103\004\110\004\065\004\075\004\070\004\065\000\040\000a\000f\000f\000i\000n\000e\000\040\000s\000y\000m\000m\000e\000t\000r\000y\000\040\004\070\000\040\004\062\004\065\004\064\004\103\004\111\004\060\004\117\000\040\004\070\004\065\004\100\004\060\004\100\004\105\004\070\004\117}{}% 25
\BOOKMARK [1][-]{section.8.1}{\376\377\004\025\004\064\004\070\004\075\004\101\004\102\004\062\004\065\004\075\004\075\004\113\004\071\000\040\000r\000i\000n\000g\000\040\000a\000u\000t\000o\000m\000o\000r\000p\000h\000i\000s\000m}{chapter.8}% 26
\BOOKMARK [1][-]{section.8.2}{\376\377\000R\000a\000n\000k\000-\000o\000n\000e\000\040\000o\000d\000d\000\040\000p\000r\000o\000j\000e\000c\000t\000o\000r}{chapter.8}% 27
\BOOKMARK [1][-]{section.8.3}{\376\377\004\044\004\060\004\072\004\102\004\076\004\100\004\075\004\060\004\117\000\040\004\060\004\073\004\063\004\065\004\061\004\100\004\060\000\040\004\070\000\040\000m\000i\000x\000i\000n\000g\000\040\000n\000o\000-\000g\000o}{chapter.8}% 28
\BOOKMARK [0][-]{chapter.9}{\376\377\004\030\004\101\004\107\004\065\004\100\004\077\004\113\004\062\004\060\004\116\004\111\004\070\004\071\000\040\000m\000e\000n\000u\000\040\004\075\004\065\004\072\004\076\004\074\004\074\004\103\004\102\004\070\004\100\004\103\004\116\004\111\004\070\004\105\000\040\000i\000n\000c\000i\000d\000e\000n\000c\000e\000-\004\076\004\077\004\065\004\100\004\060\004\102\004\076\004\100\004\076\004\062}{}% 29
\BOOKMARK [1][-]{section.9.1}{\376\377\000R\000e\000s\000i\000d\000u\000a\000l\000\040\000a\000l\000g\000e\000b\000r\000a}{chapter.9}% 30
\BOOKMARK [1][-]{section.9.2}{\376\377\004\037\004\076\004\073\004\075\004\113\004\071\000\040\004\077\004\065\004\100\004\065\004\061\004\076\004\100}{chapter.9}% 31
\BOOKMARK [1][-]{section.9.3}{\376\377\000S\000e\000l\000e\000c\000t\000o\000r\000\040\000o\000b\000s\000t\000r\000u\000c\000t\000i\000o\000n}{chapter.9}% 32
\BOOKMARK [0][-]{chapter.10}{\376\377\004\032\004\062\004\060\004\064\004\100\004\060\004\102\004\070\004\107\004\075\004\113\004\071\000\040\000p\000a\000r\000e\000n\000t\000\040\000s\000e\000l\000e\000c\000t\000o\000r\000:\000\040\004\102\004\076\004\107\004\075\004\113\004\071\000\040\000n\000o\000-\000g\000o}{}% 33
\BOOKMARK [1][-]{section.10.1}{\376\377\000Q\000u\000a\000d\000r\000a\000t\000i\000c\000\040\000s\000c\000o\000r\000e\000\040\000v\000e\000c\000t\000o\000r}{chapter.10}% 34
\BOOKMARK [1][-]{section.10.2}{\376\377\000M\000e\000t\000r\000i\000c\000-\000w\000e\000i\000g\000h\000t\000e\000d\000\040\000t\000e\000s\000t}{chapter.10}% 35
\BOOKMARK [0][-]{chapter.11}{\376\377\000C\000r\000o\000s\000s\000-\000s\000e\000c\000t\000o\000r\000\040\000c\000o\000m\000m\000u\000t\000a\000t\000o\000r\000\040\004\070\000\040\000C\000P\000\040\000n\000o\000-\000g\000o\000\040\004\062\004\065\004\111\004\065\004\101\004\102\004\062\004\065\004\075\004\075\004\076\004\063\004\076\000\040\000m\000e\000n\000u}{}% 36
\BOOKMARK [1][-]{section.11.1}{\376\377\004\030\004\101\004\107\004\065\004\100\004\077\004\113\004\062\004\060\004\116\004\111\004\070\004\071\000\040\000p\000a\000i\000r\000\040\000s\000c\000a\000n}{chapter.11}% 37
\BOOKMARK [1][-]{section.11.2}{\376\377\000C\000P\000-\000o\000d\000d\000\040\000i\000n\000v\000a\000r\000i\000a\000n\000t}{chapter.11}% 38
\BOOKMARK [1][-]{section.11.3}{\376\377\004\025\004\064\004\070\004\075\004\101\004\102\004\062\004\065\004\075\004\075\004\113\004\071\000\040\004\074\004\070\004\075\004\070\004\074\004\060\004\073\004\114\004\075\004\113\004\071\000\040\004\062\004\113\004\105\004\076\004\064}{chapter.11}% 39
\BOOKMARK [0][-]{chapter.12}{\376\377\000O\000r\000i\000e\000n\000t\000a\000t\000i\000o\000n\000-\000o\000d\000d\000\040\000i\000n\000c\000i\000d\000e\000n\000c\000e\000:\000\040\004\101\004\075\004\117\004\102\004\070\004\065\000\040\004\062\004\113\004\100\004\076\004\066\004\064\004\065\004\075\004\070\004\117\000\040\004\070\000\040\004\075\004\076\004\062\004\113\004\071\000\040\000C\000P\000\040\000n\000o\000-\000g\000o}{}% 40
\BOOKMARK [1][-]{section.12.1}{\376\377\000S\000p\000e\000c\000t\000r\000u\000m}{chapter.12}% 41
\BOOKMARK [1][-]{section.12.2}{\376\377\000P\000h\000y\000s\000i\000c\000a\000l\000\040\000C\000P\000\040\000t\000e\000s\000t}{chapter.12}% 42
\BOOKMARK [1][-]{section.12.3}{\376\377\004\024\004\070\004\101\004\072\004\100\004\065\004\102\004\075\004\113\004\071\000\040\000m\000i\000x\000i\000n\000g\000\040\000t\000e\000s\000t\000\040\004\077\004\100\004\070\000\040\000r\000=\0001}{chapter.12}% 43
\BOOKMARK [0][-]{chapter.13}{\376\377\000S\000p\000e\000c\000t\000r\000a\000l\000\040\000n\000o\000r\000m\000a\000l\000i\000z\000a\000t\000i\000o\000n\000\040\004\072\004\060\004\073\004\070\004\061\004\100\004\076\004\062\004\076\004\107\004\075\004\113\004\105\000\040\004\101\004\062\004\117\004\067\004\065\004\071}{}% 44
\BOOKMARK [1][-]{section.13.1}{\376\377\004\041\004\073\004\065\004\064\004\113\000\040\004\076\004\064\004\075\004\076\004\063\004\076\000\040\000g\000e\000n\000e\000r\000a\000t\000i\000o\000n\000\040\000a\000t\000o\000m}{chapter.13}% 45
\BOOKMARK [1][-]{section.13.2}{\376\377\004\027\004\060\004\074\004\076\004\100\004\076\004\066\004\065\004\075\004\075\004\113\004\065\000\040\004\115\004\072\004\101\004\077\004\065\004\100\004\070\004\074\004\065\004\075\004\102\004\060\004\073\004\114\004\075\004\113\004\065\000\040\004\062\004\105\004\076\004\064\004\113}{chapter.13}% 46
\BOOKMARK [1][-]{section.13.3}{\376\377\000M\000i\000n\000i\000m\000a\000l\000\040\000o\000n\000e\000-\000l\000o\000o\000p\000\040\000R\000G\000\040\000g\000a\000t\000e}{chapter.13}% 47
\BOOKMARK [0][-]{chapter.14}{\376\377\000H\000i\000g\000g\000s\040\023\000Y\000u\000k\000a\000w\000a\000\040\000g\000r\000a\000p\000h\000\040\004\070\000\040\004\063\004\100\004\060\004\075\004\070\004\106\004\060\000\040\004\077\004\100\004\065\004\064\004\101\004\072\004\060\004\067\004\060\004\102\004\065\004\073\004\114\004\075\004\076\004\101\004\102\004\070}{}% 48
\BOOKMARK [1][-]{section.14.1}{\376\377\004\034\004\070\004\075\004\070\004\074\004\060\004\073\004\114\004\075\004\060\004\117\000\040\000s\000c\000a\000l\000a\000r\000\040\000r\000e\000p\000r\000e\000s\000e\000n\000t\000a\000t\000i\000o\000n}{chapter.14}% 49
\BOOKMARK [1][-]{section.14.2}{\376\377\004\037\004\076\004\073\004\075\004\113\004\071\000\040\000r\000e\000n\000o\000r\000m\000a\000l\000i\000z\000a\000b\000l\000e\000\040\000Y\000u\000k\000a\000w\000a\000\040\000m\000e\000n\000u}{chapter.14}% 50
\BOOKMARK [1][-]{section.14.3}{\376\377\004\035\004\065\004\062\004\113\004\062\004\065\004\064\004\065\004\075\004\075\004\113\004\065\000\040\000f\000l\000a\000v\000o\000u\000r\000\040\000d\000a\000t\000a}{chapter.14}% 51
\BOOKMARK [1][-]{section.14.4}{\376\377\004\023\004\100\004\060\004\075\004\070\004\106\004\060\000\040\004\061\004\103\004\064\004\103\004\111\004\065\004\063\004\076\000\040\000b\000o\000u\000n\000d\000a\000r\000y\000\040\000a\000c\000t\000i\000o\000n}{chapter.14}% 52
\BOOKMARK [0][-]{chapter.15}{\376\377\000B\000o\000u\000n\000d\000a\000r\000y\000\040\000c\000o\000n\000n\000e\000c\000t\000o\000r\000:\000\040\004\074\004\070\004\075\004\070\004\074\004\060\004\073\004\114\004\075\004\060\004\117\000\040\004\101\004\102\004\100\004\103\004\072\004\102\004\103\004\100\004\075\004\060\004\117\000\040\004\101\004\077\004\065\004\106\004\070\004\104\004\070\004\072\004\060\004\106\004\070\004\117}{}% 53
\BOOKMARK [1][-]{section.15.1}{\376\377\004\036\004\061\004\117\004\067\004\060\004\102\004\065\004\073\004\114\004\075\004\113\004\065\000\040\004\101\004\062\004\076\004\071\004\101\004\102\004\062\004\060}{chapter.15}% 54
\BOOKMARK [1][-]{section.15.2}{\376\377\000R\000e\000s\000t\000r\000i\000c\000t\000e\000d\000\040\000c\000o\000n\000n\000e\000c\000t\000o\000r\000\040\000m\000e\000n\000u}{chapter.15}% 55
\BOOKMARK [1][-]{section.15.3}{\376\377\004\041\004\102\004\060\004\102\004\103\004\101\000\040\004\074\004\070\004\075\004\070\004\074\004\060\004\073\004\114\004\075\004\076\004\101\004\102\004\070}{chapter.15}% 56
\BOOKMARK [0][-]{chapter.16}{\376\377\000V\000e\000c\000t\000o\000r\000l\000i\000k\000e\000\040\000m\000e\000s\000s\000e\000n\000g\000e\000r\000\040\000c\000h\000a\000i\000n\000:\000\040\000c\000h\000a\000r\000g\000e\000s\000,\000\040\000p\000h\000a\000s\000e\000s\000\040\004\070\000\040\000s\000e\000c\000t\000o\000r\000\040\000o\000b\000s\000t\000r\000u\000c\000t\000i\000o\000n}{}% 57
\BOOKMARK [1][-]{section.16.1}{\376\377\004\036\004\064\004\075\004\060\000\040\000a\000n\000o\000m\000a\000l\000y\000-\000s\000a\000f\000e\000\040\000c\000h\000a\000i\000n}{chapter.16}% 58
\BOOKMARK [1][-]{section.16.2}{\376\377\000P\000h\000a\000s\000e\000-\000c\000o\000u\000n\000t\000\040\000t\000h\000e\000o\000r\000e\000m}{chapter.16}% 59
\BOOKMARK [1][-]{section.16.3}{\376\377\004\047\004\065\004\102\004\113\004\100\004\121\004\105\004\101\004\065\004\072\004\102\004\076\004\100\004\075\004\076\004\065\000\040\004\077\004\100\004\065\004\077\004\117\004\102\004\101\004\102\004\062\004\070\004\065}{chapter.16}% 60
\BOOKMARK [0][-]{chapter.17}{\376\377\000U\000n\000i\000f\000i\000e\000d\000\040\000m\000e\000s\000s\000e\000n\000g\000e\000r\000\040\000m\000u\000l\000t\000i\000p\000l\000e\000t\000\040\004\070\000\040\000g\000a\000u\000g\000e\000-\000r\000u\000n\000n\000i\000n\000g\000\040\000o\000b\000s\000t\000r\000u\000c\000t\000i\000o\000n}{}% 61
\BOOKMARK [1][-]{section.17.1}{\376\377\000S\000U\000\050\0005\000\051\000\040\004\077\004\100\004\076\004\102\004\070\004\062\000\040\000S\000O\000\050\0001\0000\000\051}{chapter.17}% 62
\BOOKMARK [1][-]{section.17.2}{\376\377\000G\000a\000u\000g\000e\000\040\000t\000r\000a\000c\000e\000\040\000t\000e\000s\000t}{chapter.17}% 63
\BOOKMARK [1][-]{section.17.3}{\376\377\000T\000h\000r\000e\000s\000h\000o\000l\000d\000\040\000f\000o\000r\000k}{chapter.17}% 64
\BOOKMARK [0][-]{chapter.18}{\376\377\000B\000o\000u\000n\000d\000a\000r\000y\000\040\000t\000h\000r\000e\000s\000h\000o\000l\000d\000\040\000s\000p\000l\000i\000t\000t\000i\000n\000g\000\040\004\070\000\040\004\060\004\075\004\076\004\074\004\060\004\073\004\114\004\075\004\076\004\065\000\040\004\101\004\076\004\072\004\100\004\060\004\111\004\065\004\075\004\070\004\065}{}% 65
\BOOKMARK [1][-]{section.18.1}{\376\377\004\033\004\070\004\075\004\065\004\071\004\075\004\113\004\071\000\040\000g\000e\000n\000e\000r\000a\000t\000o\000r\000\040\000a\000n\000s\000a\000t\000z}{chapter.18}% 66
\BOOKMARK [1][-]{section.18.2}{\376\377\004\037\004\065\004\100\004\062\004\113\004\071\000\040\004\075\004\065\004\101\004\076\004\072\004\100\004\060\004\111\004\060\004\116\004\111\004\070\004\071\004\101\004\117\000\040\004\077\004\076\004\100\004\117\004\064\004\076\004\072}{chapter.18}% 67
\BOOKMARK [0][-]{chapter.19}{\376\377\000O\000r\000d\000e\000r\000-\000o\000n\000e\000\040\000K\000r\000a\000j\000e\000w\000s\000k\000i\000\040\000s\000q\000u\000a\000r\000e\000:\000\040\004\104\004\060\004\072\004\102\004\076\004\100\004\070\004\067\004\060\004\106\004\070\004\117\000,\000\040\000J\000\040\004\070\000\040\000C\000P\000-\004\104\004\060\004\067\004\060}{}% 68
\BOOKMARK [1][-]{section.19.1}{\376\377\004\042\004\076\004\107\004\075\004\113\004\071\000\040\000e\000d\000g\000e\000\040\000c\000r\000i\000t\000e\000r\000i\000o\000n}{chapter.19}% 69
\BOOKMARK [1][-]{section.19.2}{\376\377\000J\000-\004\101\004\076\004\062\004\074\004\065\004\101\004\102\004\070\004\074\004\113\004\071\000\040\004\072\004\062\004\060\004\064\004\100\004\060\004\102}{chapter.19}% 70
\BOOKMARK [1][-]{section.19.3}{\376\377\004\023\004\064\004\065\000\040\000o\000b\000s\000t\000r\000u\000c\000t\000i\000o\000n\000\040\004\064\004\065\004\071\004\101\004\102\004\062\004\070\004\102\004\065\004\073\004\114\004\075\004\076\000\040\004\076\004\101\004\102\004\060\004\121\004\102\004\101\004\117}{chapter.19}% 71
\BOOKMARK [0][-]{chapter.20}{\376\377\000F\000a\000m\000i\000l\000y\000\040\000s\000q\000u\000a\000r\000e\000\040\000s\000p\000e\000c\000t\000r\000a\000l\000\040\000s\000e\000l\000e\000c\000t\000o\000r\000:\000\040\000o\000r\000b\000i\000t\000\040\000s\000e\000l\000e\000c\000t\000i\000o\000n\000\040\004\061\004\065\004\067\000\040\000u\000n\000i\000q\000u\000e\000\040\000d\000i\000r\000e\000c\000t\000i\000o\000n}{}% 72
\BOOKMARK [1][-]{section.20.1}{\376\377\000R\000e\000s\000t\000r\000i\000c\000t\000e\000d\000\040\000s\000q\000u\000a\000r\000e\000\040\000o\000p\000e\000r\000a\000t\000o\000r}{chapter.20}% 73
\BOOKMARK [1][-]{section.20.2}{\376\377\000E\000x\000a\000c\000t\000\040\000v\000a\000c\000u\000u\000m\000\040\000c\000o\000m\000p\000a\000r\000i\000s\000o\000n}{chapter.20}% 74
\BOOKMARK [1][-]{section.20.3}{\376\377\004\036\004\101\004\102\004\060\004\062\004\110\004\060\004\117\004\101\004\117\000\040\004\107\004\065\004\102\004\113\004\100\004\121\004\105\004\072\004\100\004\060\004\102\004\075\004\060\004\117\000\040\004\076\004\061\004\101\004\102\004\100\004\103\004\072\004\106\004\070\004\117}{chapter.20}% 75
\BOOKMARK [0][-]{chapter.21}{\376\377\000C\000r\000o\000s\000s\000-\000s\000e\000c\000t\000o\000r\000\040\000t\000r\000a\000n\000s\000p\000o\000s\000i\000t\000i\000o\000n\000\040\000o\000r\000b\000i\000t\000:\000\040\000r\000e\000l\000a\000t\000i\000v\000e\000\040\000s\000e\000l\000e\000c\000t\000o\000r\000\040\004\070\000\040\000r\000e\000a\000d\000o\000u\000t\000\040\000n\000o\000-\000g\000o}{}% 76
\BOOKMARK [1][-]{section.21.1}{\376\377\004\042\004\100\004\070\000\040\000r\000e\000l\000a\000t\000i\000v\000e\000\040\000o\000r\000b\000i\000t\000-\004\072\004\073\004\060\004\101\004\101\004\060}{chapter.21}% 77
\BOOKMARK [1][-]{section.21.2}{\376\377\004\037\004\076\004\107\004\065\004\074\004\103\000\040\000s\000e\000l\000e\000c\000t\000o\000r\000\040\004\065\004\111\004\121\000\040\004\075\004\065\000\040\004\062\004\113\004\062\004\065\004\064\004\065\004\075}{chapter.21}% 78
\BOOKMARK [1][-]{section.21.3}{\376\377\000U\000n\000i\000t\000-\000a\000m\000p\000l\000i\000t\000u\000d\000e\000\040\000p\000h\000y\000s\000i\000c\000a\000l\000\040\000d\000i\000a\000g\000n\000o\000s\000t\000i\000c}{chapter.21}% 79
\BOOKMARK [0][-]{chapter.22}{\376\377\000C\000o\000m\000m\000o\000n\000\040\000u\000p\040\023\000d\000o\000w\000n\000\040\000K\000r\000a\000j\000e\000w\000s\000k\000i\000\040\000l\000o\000o\000p\000:\000\040\000d\000e\000r\000i\000v\000e\000d\000\040\000c\000r\000o\000s\000s\000-\000w\000o\000r\000d\000\040\004\070\000\040\000C\000P\000-\000e\000v\000e\000n\000\040\000f\000o\000r\000k}{}% 80
\BOOKMARK [1][-]{section.22.1}{\376\377\004\034\004\070\004\075\004\070\004\074\004\060\004\073\004\114\004\075\004\113\004\071\000\040\000J\000-\004\077\004\060\004\100\004\075\004\113\004\071\000\040\000r\000e\000c\000t\000a\000n\000g\000l\000e}{chapter.22}% 81
\BOOKMARK [1][-]{section.22.2}{\376\377\000C\000r\000o\000s\000s\000-\000w\000o\000r\000d\000\040\004\070\004\067\000\040\004\076\004\064\004\075\004\076\004\063\004\076\000\040\000t\000r\000a\000c\000e}{chapter.22}% 82
\BOOKMARK [1][-]{section.22.3}{\376\377\004\037\004\076\004\107\004\065\004\074\004\103\000\040\000C\000P\000\040\004\065\004\111\004\121\000\040\004\075\004\065\000\040\004\067\004\060\004\072\004\100\004\113\004\102\004\060}{chapter.22}% 83
\BOOKMARK [0][-]{chapter.23}{\376\377\000O\000r\000i\000e\000n\000t\000a\000t\000i\000o\000n\000\040\000s\000p\000e\000c\000t\000r\000a\000l\000\040\000n\000o\000-\000g\000o\000:\000\040\004\102\004\076\004\107\004\075\004\060\004\117\000\040\004\070\004\067\004\076\004\101\004\077\004\065\004\072\004\102\004\100\004\060\004\073\004\114\004\075\004\076\004\101\004\102\004\114\000\040\004\064\004\062\004\103\004\105\000\040\004\062\004\065\004\102\004\062\004\065\004\071}{}% 84
\BOOKMARK [1][-]{section.23.1}{\376\377\000C\000h\000a\000r\000a\000c\000t\000e\000r\000i\000s\000t\000i\000c\000-\000p\000o\000l\000y\000n\000o\000m\000i\000a\000l\000\040\000t\000e\000s\000t}{chapter.23}% 85
\BOOKMARK [1][-]{section.23.2}{\376\377\000G\000r\000a\000d\000i\000n\000g\000\040\004\070\000\040\000d\000e\000t\000e\000r\000m\000i\000n\000a\000n\000t\000\040\004\102\004\060\004\072\004\066\004\065\000\040\004\075\004\065\000\040\004\077\004\076\004\074\004\076\004\063\004\060\004\116\004\102}{chapter.23}% 86
\BOOKMARK [1][-]{section.23.3}{\376\377\004\034\004\070\004\075\004\070\004\074\004\060\004\073\004\114\004\075\004\060\004\117\000\040\004\100\004\060\004\067\004\062\004\070\004\073\004\072\004\060\000\040\004\077\004\076\004\101\004\073\004\065\000\040\000n\000o\000-\000g\000o}{chapter.23}% 87
\BOOKMARK [0][-]{chapter.24}{\376\377\000P\000f\000a\000f\000f\000i\000a\000n\000\040\004\070\000\040\000e\000t\000a\000-\000p\000h\000a\000s\000e\000:\000\040\000r\000e\000d\000u\000c\000e\000d\000\040\000s\000i\000g\000n\000\040\004\070\000\040\000K\000O\0006\000\040\000c\000a\000n\000c\000e\000l\000l\000a\000t\000i\000o\000n}{}% 88
\BOOKMARK [1][-]{section.24.1}{\376\377\004\032\004\060\004\075\004\076\004\075\004\070\004\107\004\065\004\101\004\072\004\060\004\117\000\040\000c\000h\000i\000r\000a\000l\000\040\000a\000n\000t\000i\000s\000y\000m\000m\000e\000t\000r\000i\000c\000\040\000f\000o\000r\000m}{chapter.24}% 89
\BOOKMARK [1][-]{section.24.2}{\376\377\004\037\004\076\004\073\004\075\004\076\004\065\000\040\000K\000O\0006\000-\004\101\004\076\004\072\004\100\004\060\004\111\004\065\004\075\004\070\004\065}{chapter.24}% 90
\BOOKMARK [1][-]{section.24.3}{\376\377\004\037\004\076\004\107\004\065\004\074\004\103\000\040\000r\000e\000d\000u\000c\000e\000d\000\040\000s\000i\000g\000n\000\040\004\065\004\111\004\121\000\040\004\075\004\065\000\040\004\117\004\062\004\073\004\117\004\065\004\102\004\101\004\117\000\040\004\077\004\100\004\065\004\064\004\101\004\072\004\060\004\067\004\060\004\075\004\070\004\065\004\074}{chapter.24}% 91
\BOOKMARK [0][-]{chapter.25}{\376\377\000D\000e\000t\000e\000r\000m\000i\000n\000a\000n\000t\000\040\000l\000i\000n\000e\000\040\004\070\000\040\000a\000n\000o\000m\000a\000l\000y\000\040\000i\000n\000f\000l\000o\000w\000:\000\040\000t\000r\000i\000v\000i\000a\000l\000i\000z\000a\000t\000i\000o\000n\000\040\000n\000o\000-\000g\000o}{}% 92
\BOOKMARK [1][-]{section.25.1}{\376\377\000P\000f\000a\000f\000f\000i\000a\000n\000\040\000s\000e\000c\000t\000i\000o\000n\000\040\004\075\004\060\004\064\000\040\000c\000o\000n\000n\000e\000c\000t\000o\000r\000-\000c\000i\000r\000c\000l\000e}{chapter.25}% 93
\BOOKMARK [1][-]{section.25.2}{\376\377\004\057\004\062\004\075\004\113\004\071\000\040\004\077\004\103\004\102\004\114\000\040\004\074\004\065\004\066\004\064\004\103\000\040\000b\000r\000a\000n\000c\000h\000e\000s}{chapter.25}% 94
\BOOKMARK [1][-]{section.25.3}{\376\377\004\037\004\076\004\107\004\065\004\074\004\103\000\040\000i\000n\000f\000l\000o\000w\000\040\004\076\004\102\004\101\004\103\004\102\004\101\004\102\004\062\004\103\004\065\004\102}{chapter.25}% 95
\BOOKMARK [0][-]{chapter.26}{\376\377\000A\000l\000g\000e\000b\000r\000a\000\040\000e\000m\000b\000e\000d\000d\000i\000n\000g\000\040\000g\000a\000t\000e\000:\000\040\000u\000n\000i\000t\000a\000r\000y\000\040\000e\000q\000u\000i\000v\000a\000l\000e\000n\000c\000e\000\040\004\070\000\040\000w\000e\000i\000g\000h\000t\000e\000d\000\040\000s\000e\000l\000e\000c\000t\000o\000r}{}% 96
\BOOKMARK [1][-]{section.26.1}{\376\377\004\037\004\076\004\107\004\065\004\074\004\103\000\040\000c\000o\000a\000r\000s\000e\000\040\000t\000r\000i\000p\000l\000e\000\040\004\075\004\065\000\040\004\062\004\070\004\064\004\070\004\102\000\040\004\064\004\062\004\065\000\040\004\062\004\065\004\102\004\062\004\070}{chapter.26}% 97
\BOOKMARK [1][-]{section.26.2}{\376\377\004\047\004\102\004\076\000\040\004\074\004\065\004\075\004\117\004\065\004\102\004\101\004\117\000\040\004\077\004\100\004\070\000\040\000f\000a\000m\000i\000l\000y\000\040\000e\000m\000b\000e\000d\000d\000i\000n\000g}{chapter.26}% 98
\BOOKMARK [1][-]{section.26.3}{\376\377\004\037\004\065\004\100\004\062\004\113\004\071\000\040\000e\000i\000g\000e\000n\000f\000u\000n\000c\000t\000i\000o\000n\000-\000s\000e\000n\000s\000i\000t\000i\000v\000e\000\040\000s\000e\000l\000e\000c\000t\000o\000r}{chapter.26}% 99
\BOOKMARK [1][-]{section.26.4}{\376\377\004\035\004\076\004\062\004\113\004\071\000,\000\040\004\061\004\076\004\073\004\065\004\065\000\040\004\103\004\067\004\072\004\070\004\071\000\040\000g\000a\000p}{chapter.26}% 100
\BOOKMARK [0][-]{chapter.27}{\376\377\004\037\004\100\004\076\004\070\004\101\004\105\004\076\004\066\004\064\004\065\004\075\004\070\004\065\000\040\000w\000e\000i\000g\000h\000t\000:\000\040\000c\000o\000n\000d\000i\000t\000i\000o\000n\000a\000l\000\040\000c\000o\000r\000n\000e\000r\000s\000\040\004\070\000\040\000v\000e\000c\000t\000o\000r\000l\000i\000k\000e\000\040\000a\000b\000l\000a\000t\000i\000o\000n}{}% 101
\BOOKMARK [1][-]{section.27.1}{\376\377\000V\000e\000c\000t\000o\000r\000l\000i\000k\000e\000\040\000X\000+\000/\000-\000\040\004\075\004\065\000\040\004\101\004\076\004\067\004\064\004\060\004\121\004\102\000\040\000o\000d\000d\000\040\000s\000e\000l\000e\000c\000t\000o\000r}{chapter.27}% 102
\BOOKMARK [1][-]{section.27.2}{\376\377\000C\000o\000m\000p\000l\000e\000m\000e\000n\000t\000a\000r\000y\000\040\000c\000o\000r\000n\000e\000r\000\040\000e\000x\000p\000e\000c\000t\000a\000t\000i\000o\000n\000s}{chapter.27}% 103
\BOOKMARK [0][-]{chapter.28}{\376\377\004\022\004\060\004\100\004\070\004\060\004\106\004\070\004\076\004\075\004\075\004\060\004\117\000\040\004\064\004\070\004\075\004\060\004\074\004\070\004\072\004\060\000\040\000f\000a\000m\000i\000l\000y\000\040\000s\000t\000a\000t\000e\000:\000\040\004\077\004\065\004\100\004\062\004\113\004\071\000\040\004\061\004\065\004\101\004\077\004\060\004\100\004\060\004\074\004\065\004\102\004\100\004\070\004\107\004\065\004\101\004\072\004\070\004\071\000\040\000p\000a\000s\000s}{}% 104
\BOOKMARK [1][-]{section.28.1}{\376\377\000J\000o\000i\000n\000t\000\040\000s\000t\000a\000t\000e\040\023\000g\000e\000o\000m\000e\000t\000r\000y\000\040\000f\000u\000n\000c\000t\000i\000o\000n\000a\000l}{chapter.28}% 105
\BOOKMARK [1][-]{section.28.2}{\376\377\000Q\000u\000a\000r\000t\000i\000c\000\040\000s\000e\000l\000e\000c\000t\000i\000o\000n}{chapter.28}% 106
\BOOKMARK [1][-]{section.28.3}{\376\377\000G\000r\000o\000u\000n\000d\000\040\000s\000t\000a\000t\000e\000\040\004\070\000\040\000s\000t\000r\000e\000s\000s\000\040\000t\000e\000s\000t}{chapter.28}% 107
\BOOKMARK [0][-]{chapter.29}{\376\377\000F\000a\000m\000i\000l\000y\000-\000t\000o\000-\000Y\000u\000k\000a\000w\000a\000\040\000o\000p\000e\000r\000a\000t\000o\000r\000\040\000m\000a\000p\000:\000\040\000e\000x\000i\000s\000t\000e\000n\000c\000e\000\040\000p\000a\000s\000s\000\040\004\070\000\040\000p\000r\000e\000d\000i\000c\000t\000i\000o\000n\000\040\000n\000o\000-\000g\000o}{}% 108
\BOOKMARK [1][-]{section.29.1}{\376\377\004\042\004\100\004\070\000\040\000c\000o\000e\000f\000f\000i\000c\000i\000e\000n\000t\000-\000f\000r\000e\000e\000\040\000r\000e\000a\000d\000o\000u\000t}{chapter.29}% 109
\BOOKMARK [1][-]{section.29.2}{\376\377\004\035\004\065\004\115\004\072\004\062\004\070\004\062\004\060\004\073\004\065\004\075\004\102\004\075\004\113\004\065\000\040\004\104\004\070\004\067\004\070\004\107\004\065\004\101\004\072\004\070\004\065\000\040\000l\000e\000d\000g\000e\000r}{chapter.29}% 110
\BOOKMARK [1][-]{section.29.3}{\376\377\004\047\004\065\004\102\004\113\004\100\004\121\004\105\004\101\004\065\004\072\004\102\004\076\004\100\004\075\004\060\004\117\000\040\004\076\004\061\004\101\004\102\004\100\004\103\004\072\004\106\004\070\004\117}{chapter.29}% 111
\BOOKMARK [0][-]{chapter.30}{\376\377\000I\000n\000n\000e\000r\000-\000f\000l\000u\000c\000t\000u\000a\000t\000i\000o\000n\000\040\000Y\000u\000k\000a\000w\000a\000\040\000g\000a\000t\000e\000:\000\040\004\074\004\060\004\073\004\060\004\117\000\040\004\060\004\073\004\063\004\065\004\061\004\100\004\060\000\040\004\070\004\073\004\070\000\040\004\101\004\062\004\076\004\061\004\076\004\064\004\075\004\060\004\117\000\040\000M\0003}{}% 112
\BOOKMARK [1][-]{section.30.1}{\376\377\004\033\004\076\004\072\004\060\004\073\004\114\004\075\004\113\004\071\000\040\000o\000n\000e\000-\000f\000o\000r\000m\000\040\000t\000e\000s\000t}{chapter.30}% 113
\BOOKMARK [1][-]{section.30.2}{\376\377\004\037\004\076\004\107\004\065\004\074\004\103\000\040\000e\000n\000r\000i\000c\000h\000e\000d\000\040\000d\000a\000t\000a\000\040\004\075\004\065\000\040\004\101\004\077\004\060\004\101\004\060\004\116\004\102\000\040\004\103\004\075\004\070\004\072\004\060\004\073\004\114\004\075\004\076\004\101\004\102\004\114}{chapter.30}% 114
\BOOKMARK [0][-]{chapter.31}{\376\377\000S\000t\000a\000t\000e\000-\000a\000n\000c\000h\000o\000r\000e\000d\000\040\000o\000n\000e\000-\000f\000o\000r\000m\000\040\000b\000i\000m\000o\000d\000u\000l\000e\000:\000\040\004\072\004\060\004\075\004\076\004\075\004\070\004\107\004\065\004\101\004\072\004\060\004\117\000\040\000C\000P\000-\000m\000a\000p}{}% 115
\BOOKMARK [1][-]{section.31.1}{\376\377\000S\000t\000a\000t\000e\000-\000s\000u\000p\000p\000o\000r\000t\000e\000d\000\040\000m\000o\000d\000u\000l\000e}{chapter.31}% 116
\BOOKMARK [1][-]{section.31.2}{\376\377\004\025\004\064\004\070\004\075\004\101\004\102\004\062\004\065\004\075\004\075\004\060\004\117\000\040\000t\000r\000a\000c\000e\000-\000o\000r\000t\000h\000o\000g\000o\000n\000a\000l\000\040\000p\000r\000o\000j\000e\000c\000t\000i\000o\000n}{chapter.31}% 117
\BOOKMARK [1][-]{section.31.3}{\376\377\004\037\004\065\004\100\004\062\004\113\004\071\000\040\004\062\004\113\004\061\004\100\004\060\004\075\004\075\004\113\004\071\000\040\000C\000P\000\040\000r\000e\000a\000d\000o\000u\000t}{chapter.31}% 118
\BOOKMARK [0][-]{chapter.32}{\376\377\000R\000e\000l\000a\000t\000i\000v\000e\000\040\000K\000r\000a\000j\000e\000w\000s\000k\000i\000\040\000s\000t\000a\000r\000:\000\040\004\062\004\113\004\062\004\076\004\064\000\040\000s\000u\000p\000p\000o\000r\000t\000\040\000m\000o\000d\000u\000l\000e\000\040\004\070\000\040\004\064\004\062\004\103\004\105\004\102\004\065\004\072\004\101\004\102\004\103\004\100\004\075\004\113\004\071\000\040\000n\000o\000-\000g\000o}{}% 119
\BOOKMARK [1][-]{section.32.1}{\376\377\004\032\004\073\004\060\004\101\004\101\004\070\004\104\004\070\004\072\004\060\004\106\004\070\004\117\000\040\000c\000o\000r\000n\000e\000r\000\040\000b\000i\000m\000o\000d\000u\000l\000e\000s}{chapter.32}% 120
\BOOKMARK [1][-]{section.32.2}{\376\377\000P\000r\000o\000j\000e\000c\000t\000i\000o\000n\000\040\004\072\004\060\004\072\000\040\000e\000n\000d\000p\000o\000i\000n\000t\000\040\000i\000n\000c\000l\000u\000s\000i\000o\000n\040\023\000e\000x\000c\000l\000u\000s\000i\000o\000n}{chapter.32}% 121
\BOOKMARK [1][-]{section.32.3}{\376\377\004\037\004\076\004\107\004\065\004\074\004\103\000\040\004\107\004\065\004\102\004\113\004\100\004\121\004\105\000\040\000Y\000u\000k\000a\000w\000a\000-\004\102\004\065\004\072\004\101\004\102\004\103\004\100\000\040\004\065\004\111\004\121\000\040\004\075\004\065\004\102}{chapter.32}% 122
\BOOKMARK [0][-]{chapter.33}{\376\377\000G\000a\000u\000g\000e\000-\000C\000a\000s\000i\000m\000i\000r\000\040\000f\000a\000m\000i\000l\000y\000\040\000s\000p\000l\000i\000t\000:\000\040\004\107\004\065\004\102\004\113\004\100\004\065\000\040\000a\000n\000c\000h\000o\000r\000s\000\040\004\070\000\040\000b\000l\000i\000n\000d\000\040\000n\000o\000-\000g\000o}{}% 123
\BOOKMARK [1][-]{section.33.1}{\376\377\000R\000e\000p\000r\000e\000s\000e\000n\000t\000a\000t\000i\000o\000n\000-\000s\000e\000n\000s\000i\000t\000i\000v\000e\000\040\000w\000e\000i\000g\000h\000t}{chapter.33}% 124
\BOOKMARK [1][-]{section.33.2}{\376\377\000M\000a\000t\000c\000h\000i\000n\000g\000-\000s\000c\000a\000l\000e\000\040\000d\000e\000g\000e\000n\000e\000r\000a\000c\000y}{chapter.33}% 125
\BOOKMARK [1][-]{section.33.3}{\376\377\000R\000G\000-\000s\000e\000p\000a\000r\000a\000t\000e\000d\000\040\000s\000t\000r\000e\000s\000s\000\040\000t\000e\000s\000t}{chapter.33}% 126
\BOOKMARK [0][-]{chapter.34}{\376\377\000O\000n\000e\000-\000r\000a\000t\000i\000o\000\040\000f\000a\000m\000i\000l\000y\000\040\000f\000u\000n\000c\000t\000i\000o\000n\000a\000l\000:\000\040\000m\000a\000s\000s\000-\000t\000r\000a\000i\000n\000\040\004\070\000\040\000C\000K\000M\000-\000b\000l\000i\000n\000d\000\040\000k\000i\000l\000l\000-\000g\000a\000t\000e}{}% 127
\BOOKMARK [1][-]{section.34.1}{\376\377\004\027\004\060\004\074\004\076\004\100\004\076\004\066\004\065\004\075\004\075\004\113\004\071\000\040\000t\000r\000a\000i\000n\000/\000b\000l\000i\000n\000d\000\040\000p\000r\000o\000t\000o\000c\000o\000l}{chapter.34}% 128
\BOOKMARK [1][-]{section.34.2}{\376\377\004\036\004\102\004\072\004\100\004\113\004\102\004\070\004\065\000\040\000C\000K\000M\000\040\000b\000l\000i\000n\000d}{chapter.34}% 129
\BOOKMARK [1][-]{section.34.3}{\376\377\004\023\004\073\004\076\004\061\004\060\004\073\004\114\004\075\004\113\004\071\000\040\000s\000t\000r\000e\000s\000s\000\040\000t\000e\000s\000t}{chapter.34}% 130
\BOOKMARK [0][-]{chapter.35}{\376\377\000S\000e\000c\000t\000o\000r\000\040\000t\000o\000r\000s\000o\000r\000\040\000i\000n\000c\000i\000d\000e\000n\000c\000e\000:\000\040\004\072\004\060\004\075\004\076\004\075\004\070\004\107\004\065\004\101\004\072\004\070\004\071\000\040\000K\0002\000,\0002\000\040\004\070\000\040\000b\000l\000i\000n\000d\000\040\000n\000o\000-\000g\000o}{}% 131
\BOOKMARK [1][-]{section.35.1}{\376\377\004\035\004\076\004\062\004\060\004\117\000\040\004\070\004\064\004\065\004\075\004\102\004\070\004\104\004\070\004\072\004\060\004\106\004\070\004\117\000\040\004\107\004\065\004\102\004\113\004\100\004\121\004\105\000\040\000m\000i\000n\000i\000m\000a}{chapter.35}% 132
\BOOKMARK [1][-]{section.35.2}{\376\377\004\036\004\100\004\070\004\065\004\075\004\102\004\070\004\100\004\076\004\062\004\060\004\075\004\075\004\113\004\071\000\040\000i\000n\000c\000i\000d\000e\000n\000c\000e\000\040\000m\000e\000n\000u}{chapter.35}% 133
\BOOKMARK [1][-]{section.35.3}{\376\377\000M\000a\000s\000s\000\040\000t\000r\000a\000i\000n}{chapter.35}% 134
\BOOKMARK [1][-]{section.35.4}{\376\377\000C\000K\000M\000\040\000b\000l\000i\000n\000d}{chapter.35}% 135
\BOOKMARK [0][-]{chapter.36}{\376\377\000C\000o\000m\000m\000o\000n\000\040\000m\000e\000s\000s\000e\000n\000g\000e\000r\000\040\000S\000c\000h\000u\000r\000\040\000c\000o\000m\000p\000l\000e\000m\000e\000n\000t\000:\000\040\004\064\004\062\004\103\004\105\004\072\004\060\004\075\004\060\004\073\004\114\004\075\004\113\004\071\000\040\000n\000o\000-\000g\000o}{}% 136
\BOOKMARK [1][-]{section.36.1}{\376\377\004\034\004\070\004\075\004\070\004\074\004\060\004\073\004\114\004\075\004\113\004\071\000\040\004\064\004\062\004\103\004\105\004\072\004\060\004\075\004\060\004\073\004\114\004\075\004\113\004\071\000\040\004\061\004\073\004\076\004\072}{chapter.36}% 137
\BOOKMARK [1][-]{section.36.2}{\376\377\004\030\004\101\004\107\004\065\004\100\004\077\004\113\004\062\004\060\004\116\004\111\004\070\004\071\000\040\000t\000r\000a\000i\000n}{chapter.36}% 138
\BOOKMARK [1][-]{section.36.3}{\376\377\000C\000K\000M\000\040\000b\000l\000i\000n\000d}{chapter.36}% 139
\BOOKMARK [0][-]{chapter.37}{\376\377\000C\000a\000s\000i\000m\000i\000r\000-\000r\000e\000s\000o\000l\000v\000e\000d\000\040\000m\000e\000s\000s\000e\000n\000g\000e\000r\000\040\000p\000r\000o\000p\000a\000g\000a\000t\000o\000r\000:\000\040\000s\000c\000a\000l\000a\000r\000-\000s\000p\000l\000i\000t\000t\000i\000n\000g\000\040\000n\000o\000-\000g\000o}{}% 140
\BOOKMARK [1][-]{section.37.1}{\376\377\000R\000e\000p\000r\000e\000s\000e\000n\000t\000a\000t\000i\000o\000n\000\040\000l\000e\000d\000g\000e\000r}{chapter.37}% 141
\BOOKMARK [1][-]{section.37.2}{\376\377\000S\000c\000h\000u\000r\000\040\000c\000o\000m\000p\000l\000e\000m\000e\000n\000t}{chapter.37}% 142
\BOOKMARK [1][-]{section.37.3}{\376\377\000M\000a\000s\000s\000\040\000t\000r\000a\000i\000n\000\040\004\070\000\040\000C\000K\000M\000\040\000b\000l\000i\000n\000d}{chapter.37}% 143
\BOOKMARK [0][-]{chapter.38}{\376\377\004\035\004\065\004\106\004\065\004\075\004\102\004\100\004\060\004\073\004\114\004\075\004\113\004\071\000\040\000b\000o\000u\000n\000d\000a\000r\000y\000\040\000p\000r\000o\000p\000a\000g\000a\000t\000o\000r\000:\000\040\000p\000r\000o\000j\000e\000c\000t\000o\000r\040\023\000m\000o\000m\000e\000n\000t\000\040\000n\000o\000-\000g\000o}{}% 144
\BOOKMARK [1][-]{section.38.1}{\376\377\004\024\004\062\004\060\000\040\004\072\004\060\004\075\004\076\004\075\004\070\004\107\004\065\004\101\004\072\004\070\004\105\000\040\000l\000i\000f\000t\000-\004\060}{chapter.38}% 145
\BOOKMARK [1][-]{section.38.2}{\376\377\000P\000r\000o\000j\000e\000c\000t\000o\000r\000\040\000t\000r\000a\000i\000n}{chapter.38}% 146
\BOOKMARK [1][-]{section.38.3}{\376\377\000F\000u\000l\000l\000-\000m\000o\000m\000e\000n\000t\000\040\000t\000r\000a\000i\000n}{chapter.38}% 147
\BOOKMARK [0][-]{chapter.39}{\376\377\000B\000o\000u\000n\000d\000e\000d\000\040\000n\000o\000n\000l\000i\000n\000e\000a\000r\000\040\000p\000r\000o\000p\000a\000g\000a\000t\000o\000r\000s\000:\000\040\004\076\004\061\004\111\004\070\004\071\000\040\000a\000s\000y\000m\000p\000t\000o\000t\000i\000c\000\040\000n\000o\000-\000g\000o}{}% 148
\BOOKMARK [1][-]{section.39.1}{\376\377\004\043\004\075\004\070\004\062\004\065\004\100\004\101\004\060\004\073\004\114\004\075\004\060\004\117\000\040\004\060\004\101\004\070\004\074\004\077\004\102\004\076\004\102\004\070\004\072\004\060}{chapter.39}% 149
\BOOKMARK [1][-]{section.39.2}{\376\377\004\035\004\065\004\073\004\070\004\075\004\065\004\071\004\075\004\113\004\071\000\040\000s\000t\000r\000e\000s\000s\000-\000m\000e\000n\000u}{chapter.39}% 150
\BOOKMARK [1][-]{section.39.3}{\376\377\004\047\004\102\004\076\000\040\004\070\004\074\004\065\004\075\004\075\004\076\000\040\004\102\004\100\004\065\004\061\004\103\004\065\004\102\004\101\004\117\000\040\004\064\004\060\004\073\004\114\004\110\004\065}{chapter.39}% 151
\BOOKMARK [0][-]{chapter.40}{\376\377\000M\000o\000d\000u\000l\000a\000r\000\040\000e\000n\000d\000p\000o\000i\000n\000t\000\040\000i\000n\000t\000e\000r\000t\000w\000i\000n\000e\000r\000s\000:\000\040\000l\000e\000a\000d\000i\000n\000g\000\040\000s\000p\000l\000i\000t\000\040\004\070\000\040\000p\000a\000r\000t\000i\000a\000l\000\040\000p\000a\000s\000s}{}% 152
\BOOKMARK [1][-]{section.40.1}{\376\377\000P\000a\000r\000a\000m\000e\000t\000e\000r\000-\000f\000r\000e\000e\000\040\000G\000i\000b\000b\000s\000\040\000s\000t\000a\000t\000e}{chapter.40}% 153
\BOOKMARK [1][-]{section.40.2}{\376\377\004\042\004\100\004\070\000\040\004\074\004\076\004\064\004\103\004\073\004\114\004\075\004\113\004\065\000\040\004\076\004\100\004\070\004\065\004\075\004\102\004\060\004\106\004\070\004\070}{chapter.40}% 154
\BOOKMARK [1][-]{section.40.3}{\376\377\000M\000a\000s\000s\000\040\000t\000r\000a\000i\000n}{chapter.40}% 155
\BOOKMARK [1][-]{section.40.4}{\376\377\000C\000K\000M\000\040\000b\000l\000i\000n\000d}{chapter.40}% 156
\BOOKMARK [0][-]{chapter.41}{\376\377\000A\000f\000f\000i\000n\000e\000-\000i\000n\000v\000a\000r\000i\000a\000n\000t\000\040\000m\000o\000d\000u\000l\000a\000r\000\040\000t\000e\000m\000p\000e\000r\000a\000t\000u\000r\000e\000:\000\040\004\062\004\102\004\076\004\100\004\076\004\071\000\040\000p\000a\000r\000t\000i\000a\000l\000\040\000p\000a\000s\000s}{}% 157
\BOOKMARK [1][-]{section.41.1}{\376\377\004\041\004\102\004\060\004\075\004\064\004\060\004\100\004\102\004\070\004\067\004\076\004\062\004\060\004\075\004\075\004\113\004\071\000\040\000p\000a\000r\000e\000n\000t\000\040\000o\000p\000e\000r\000a\000t\000o\000r}{chapter.41}% 158
\BOOKMARK [1][-]{section.41.2}{\376\377\000M\000a\000s\000s\000\040\000t\000r\000a\000i\000n}{chapter.41}% 159
\BOOKMARK [1][-]{section.41.3}{\376\377\000C\000K\000M\000\040\000b\000l\000i\000n\000d}{chapter.41}% 160
\BOOKMARK [0][-]{chapter.42}{\376\377\000M\000o\000m\000e\000n\000t\000-\000c\000o\000m\000m\000u\000t\000a\000t\000o\000r\000\040\000m\000o\000d\000u\000l\000a\000r\000\040\000c\000o\000n\000s\000t\000r\000a\000i\000n\000t\000:\000\040\000a\000l\000l\000-\000p\000l\000a\000n\000e\000\040\000a\000c\000t\000i\000v\000a\000t\000i\000o\000n\000\040\000n\000o\000-\000g\000o}{}% 161
\BOOKMARK [1][-]{section.42.1}{\376\377\000O\000r\000i\000e\000n\000t\000a\000t\000i\000o\000n\000-\000s\000e\000n\000s\000i\000t\000i\000v\000e\000\040\000c\000o\000n\000s\000t\000r\000a\000i\000n\000t}{chapter.42}% 162
\BOOKMARK [1][-]{section.42.2}{\376\377\000M\000a\000s\000s\000\040\000t\000r\000a\000i\000n}{chapter.42}% 163
\BOOKMARK [1][-]{section.42.3}{\376\377\000C\000K\000M\000\040\000b\000l\000i\000n\000d}{chapter.42}% 164
\BOOKMARK [0][-]{chapter.43}{\376\377\000S\000e\000l\000f\000-\000c\000o\000n\000s\000i\000s\000t\000e\000n\000t\000\040\000o\000r\000i\000e\000n\000t\000a\000t\000i\000o\000n\000\040\000f\000i\000e\000l\000d\000:\000\040\000b\000i\000f\000u\000r\000c\000a\000t\000i\000o\000n\000\040\000n\000o\000-\000g\000o}{}% 165
\BOOKMARK [1][-]{section.43.1}{\376\377\004\034\004\070\004\075\004\070\004\074\004\060\004\073\004\114\004\075\004\060\004\117\000\040\000f\000r\000e\000e\000\040\000e\000n\000e\000r\000g\000y}{chapter.43}% 166
\BOOKMARK [1][-]{section.43.2}{\376\377\000C\000a\000n\000o\000n\000i\000c\000a\000l\000-\000s\000t\000i\000f\000f\000n\000e\000s\000s\000\040\000t\000e\000s\000t}{chapter.43}% 167
\BOOKMARK [1][-]{section.43.3}{\376\377\004\041\004\102\004\060\004\102\004\103\004\101\000\040\000f\000l\000a\000v\000o\000u\000r\000\040\000r\000e\000a\000d\000o\000u\000t}{chapter.43}% 168
\BOOKMARK [0][-]{chapter.44}{\376\377\000P\000f\000a\000f\000f\000i\000a\000n\000\040\000s\000t\000i\000f\000f\000n\000e\000s\000s\000:\000\040\000s\000u\000p\000e\000r\000c\000r\000i\000t\000i\000c\000a\000l\000\040\000l\000o\000c\000a\000l\000\040\000p\000a\000s\000s\000\040\004\070\000\040\000g\000l\000o\000b\000a\000l\000\040\000f\000l\000a\000v\000o\000u\000r\000\040\000n\000o\000-\000g\000o}{}% 169
\BOOKMARK [1][-]{section.44.1}{\376\377\004\042\004\076\004\107\004\075\004\113\004\071\000\040\000P\000f\000a\000f\000f\000i\000a\000n\000\040\000H\000e\000s\000s\000i\000a\000n}{chapter.44}% 170
\BOOKMARK [1][-]{section.44.2}{\376\377\004\037\004\076\004\107\004\065\004\074\004\103\000\040\000q\000u\000a\000d\000r\000a\000t\000i\000c\000\040\000e\000x\000t\000r\000a\000p\000o\000l\000a\000t\000i\000o\000n\000\040\004\067\004\060\004\077\004\100\004\065\004\111\004\065\004\075\004\060}{chapter.44}% 171
\BOOKMARK [1][-]{section.44.3}{\376\377\000P\000e\000r\000i\000o\000d\000i\000c\000\040\000m\000i\000n\000i\000m\000a}{chapter.44}% 172
\BOOKMARK [1][-]{section.44.4}{\376\377\000M\000a\000s\000s\000\040\000t\000r\000a\000i\000n\000\040\004\070\000\040\000b\000l\000i\000n\000d\000\040\000r\000e\000a\000d\000o\000u\000t}{chapter.44}% 173
\BOOKMARK [0][-]{chapter.45}{\376\377\000R\000a\000d\000i\000a\000l\040\023\000o\000r\000i\000e\000n\000t\000a\000t\000i\000o\000n\000\040\000P\000f\000a\000f\000f\000i\000a\000n\000\040\000H\000e\000s\000s\000i\000a\000n\000:\000\040\000d\000i\000a\000g\000o\000n\000a\000l\000\040\000n\000o\000-\000g\000o}{}% 174
\BOOKMARK [1][-]{section.45.1}{\376\377\000S\000e\000l\000f\000-\000a\000d\000j\000o\000i\000n\000t\000\040\000r\000a\000d\000i\000a\000l\000\040\000c\000o\000n\000t\000i\000n\000u\000a\000t\000i\000o\000n}{chapter.45}% 175
\BOOKMARK [1][-]{section.45.2}{\376\377\000B\000o\000s\000o\000n\000i\000c\000\040\000p\000a\000r\000e\000n\000t\000\040\000p\000o\000t\000e\000n\000t\000i\000a\000l}{chapter.45}% 176
\BOOKMARK [1][-]{section.45.3}{\376\377\000C\000r\000i\000t\000i\000c\000a\000l\000\040\000q\000u\000a\000r\000t\000i\000c\000\040\000c\000o\000e\000f\000f\000i\000c\000i\000e\000n\000t}{chapter.45}% 177
\BOOKMARK [0][-]{chapter.46}{\376\377\000H\000e\000s\000s\000i\000a\000n\000-\000d\000e\000r\000i\000v\000e\000d\000\040\000t\000w\000o\000-\000s\000c\000a\000l\000e\000\040\000m\000e\000s\000s\000e\000n\000g\000e\000r\000s\000:\000\040\000b\000l\000i\000n\000d\000\040\000C\000a\000b\000i\000b\000b\000o\000\040\000p\000a\000s\000s}{}% 178
\BOOKMARK [1][-]{section.46.1}{\376\377\004\024\004\062\004\103\004\105\004\072\004\060\004\075\004\060\004\073\004\114\004\075\004\113\004\071\000\040\000p\000r\000o\000p\000a\000g\000a\000t\000o\000r}{chapter.46}% 179
\BOOKMARK [1][-]{section.46.2}{\376\377\000M\000a\000s\000s\000\040\000t\000r\000a\000i\000n}{chapter.46}% 180
\BOOKMARK [1][-]{section.46.3}{\376\377\000C\000K\000M\000\040\000b\000l\000i\000n\000d}{chapter.46}% 181
\BOOKMARK [0][-]{chapter.47}{\376\377\000T\000h\000r\000e\000e\000-\000m\000o\000m\000e\000n\000t\000\040\000G\000r\000a\000m\000\040\000h\000i\000e\000r\000a\000r\000c\000h\000y\000\040\000a\000n\000d\000\040\000o\000r\000i\000e\000n\000t\000e\000d\000\040\000m\000e\000s\000s\000e\000n\000g\000e\000r\000\040\000t\000e\000s\000t}{}% 182
\BOOKMARK [1][-]{section.47.1}{\376\377\000M\000o\000m\000e\000n\000t\000\040\000G\000r\000a\000m\000\040\000m\000a\000t\000r\000i\000x}{chapter.47}% 183
\BOOKMARK [1][-]{section.47.2}{\376\377\000C\000a\000n\000o\000n\000i\000c\000a\000l\000\040\000o\000r\000i\000e\000n\000t\000e\000d\000\040\000t\000h\000r\000e\000e\000-\000c\000h\000a\000n\000n\000e\000l\000\040\000b\000l\000o\000c\000k}{chapter.47}% 184
\BOOKMARK [1][-]{section.47.3}{\376\377\000M\000a\000s\000s\000\040\000s\000e\000l\000e\000c\000t\000i\000o\000n\000\040\000a\000n\000d\000\040\000b\000l\000i\000n\000d\000\040\000r\000e\000a\000d\000o\000u\000t}{chapter.47}% 185
\BOOKMARK [0][-]{chapter.48}{\376\377\000G\000r\000a\000m\000\040\000e\000i\000g\000e\000n\000v\000e\000c\000t\000o\000r\000s\000\040\000a\000s\000\040\000e\000n\000d\000p\000o\000i\000n\000t\000\040\000i\000n\000t\000e\000r\000t\000w\000i\000n\000e\000r\000s}{}% 186
\BOOKMARK [1][-]{section.48.1}{\376\377\000W\000h\000i\000t\000e\000n\000e\000d\000\040\000m\000o\000m\000e\000n\000t\000\040\000m\000o\000d\000e\000s}{chapter.48}% 187
\BOOKMARK [1][-]{section.48.2}{\376\377\000O\000n\000e\000-\000s\000c\000a\000l\000e\000\040\000m\000a\000s\000s\000\040\000s\000e\000l\000e\000c\000t\000i\000o\000n}{chapter.48}% 188
\BOOKMARK [1][-]{section.48.3}{\376\377\000B\000l\000i\000n\000d\000\040\000m\000i\000x\000i\000n\000g}{chapter.48}% 189
\BOOKMARK [0][-]{chapter.49}{\376\377\000C\000a\000n\000o\000n\000i\000c\000a\000l\000\040\000b\000o\000u\000n\000d\000e\000d\000\040\000t\000r\000a\000n\000s\000f\000o\000r\000m\000\040\000o\000f\000\040\000G\000r\000a\000m\000\040\000e\000n\000d\000p\000o\000i\000n\000t\000s}{}% 190
\BOOKMARK [1][-]{section.49.1}{\376\377\000F\000r\000o\000z\000e\000n\000\040\000n\000o\000n\000l\000i\000n\000e\000a\000r\000\040\000p\000r\000e\000s\000c\000r\000i\000p\000t\000i\000o\000n}{chapter.49}% 191
\BOOKMARK [1][-]{section.49.2}{\376\377\000M\000a\000s\000s\000\040\000t\000r\000a\000i\000n}{chapter.49}% 192
\BOOKMARK [1][-]{section.49.3}{\376\377\000B\000l\000i\000n\000d\000\040\000f\000l\000a\000v\000o\000u\000r\000\040\000r\000e\000a\000d\000o\000u\000t}{chapter.49}% 193
\BOOKMARK [0][-]{chapter.50}{\376\377\000C\000r\000o\000s\000s\000-\000t\000o\000m\000e\000\040\000s\000t\000a\000t\000i\000o\000n\000a\000r\000y\000\040\000e\000n\000d\000p\000o\000i\000n\000t\000\040\000o\000b\000s\000t\000r\000u\000c\000t\000i\000o\000n}{}% 194
\BOOKMARK [1][-]{section.50.1}{\376\377\000C\000o\000n\000v\000e\000n\000t\000i\000o\000n\000\040\000g\000a\000p}{chapter.50}% 195
\BOOKMARK [1][-]{section.50.2}{\376\377\000C\000o\000n\000d\000i\000t\000i\000o\000n\000a\000l\000\040\000b\000i\000f\000u\000r\000c\000a\000t\000i\000o\000n\000\040\000m\000a\000r\000g\000i\000n\000s}{chapter.50}% 196
\BOOKMARK [1][-]{section.50.3}{\376\377\004\030\004\101\004\077\004\100\004\060\004\062\004\073\004\065\004\075\004\075\004\113\004\071\000\040\000s\000t\000a\000t\000i\000o\000n\000a\000r\000y\000\040\000v\000e\000r\000d\000i\000c\000t}{chapter.50}% 197
\BOOKMARK [0][-]{chapter.51}{\376\377\000C\000P\000-\000o\000d\000d\000\040\000m\000i\000x\000e\000d\000-\000i\000n\000v\000a\000r\000i\000a\000n\000t\000\040\000c\000l\000a\000s\000s\000i\000f\000i\000c\000a\000t\000i\000o\000n}{}% 198
\BOOKMARK [1][-]{section.51.1}{\376\377\000P\000o\000l\000y\000n\000o\000m\000i\000a\000l\000\040\000s\000p\000e\000c\000t\000r\000a\000l\000\040\000i\000n\000v\000a\000r\000i\000a\000n\000t\000s}{chapter.51}% 199
\BOOKMARK [1][-]{section.51.2}{\376\377\000R\000e\000d\000u\000c\000e\000d\000\040\000P\000f\000a\000f\000f\000i\000a\000n\000\040\000p\000h\000a\000s\000e}{chapter.51}% 200
\BOOKMARK [1][-]{section.51.3}{\376\377\004\030\004\102\004\076\004\063\000\040\004\072\004\073\004\060\004\101\004\101\004\070\004\104\004\070\004\072\004\060\004\106\004\070\004\070}{chapter.51}% 201
\BOOKMARK [0][-]{chapter.52}{\376\377\000F\000u\000l\000l\000\040\000s\000p\000e\000c\000t\000r\000a\000l\000\040\000p\000r\000o\000f\000i\000l\000e\000:\000\040\000h\000i\000g\000h\000e\000r\000-\000m\000o\000m\000e\000n\000t\000\040\000l\000o\000o\000p\000h\000o\000l\000e}{}% 202
\BOOKMARK [1][-]{section.52.1}{\376\377\000E\000x\000a\000c\000t\000\040\000a\000n\000g\000u\000l\000a\000r\000\040\000s\000p\000e\000c\000t\000r\000u\000m}{chapter.52}% 203
\BOOKMARK [1][-]{section.52.2}{\376\377\004\037\004\076\004\107\004\065\004\074\004\103\000\040\000p\000o\000s\000i\000t\000i\000v\000i\000t\000y\000\040\004\075\004\065\004\064\004\076\004\101\004\102\004\060\004\102\004\076\004\107\004\075\004\076}{chapter.52}% 204
\BOOKMARK [1][-]{section.52.3}{\376\377\004\037\004\076\004\073\004\076\004\066\004\070\004\102\004\065\004\073\004\114\004\075\004\113\004\071\000\040\000c\000o\000u\000n\000t\000e\000r\000e\000x\000a\000m\000p\000l\000e}{chapter.52}% 205
\BOOKMARK [1][-]{section.52.4}{\376\377\000C\000o\000n\000d\000i\000t\000i\000o\000n\000a\000l\000\040\000b\000l\000i\000n\000d\000\040\000f\000l\000a\000v\000o\000u\000r\000\040\000r\000e\000a\000d\000o\000u\000t}{chapter.52}% 206
\BOOKMARK [0][-]{chapter.53}{\376\377\000F\000u\000l\000l\000-\000p\000r\000o\000f\000i\000l\000e\000\040\000r\000a\000d\000i\000a\000l\000\040\000v\000a\000c\000u\000u\000m\000:\000\040\000a\000n\000g\000u\000l\000a\000r\000\040\000l\000o\000o\000p\000h\000o\000l\000e\000\040\000c\000l\000o\000s\000e\000s}{}% 207
\BOOKMARK [1][-]{section.53.1}{\376\377\000C\000o\000n\000s\000t\000r\000a\000i\000n\000e\000d\000\040\000p\000o\000i\000n\000t\000\040\000i\000s\000\040\000n\000o\000t\000\040\000s\000t\000a\000t\000i\000o\000n\000a\000r\000y}{chapter.53}% 208
\BOOKMARK [1][-]{section.53.2}{\376\377\000G\000l\000o\000b\000a\000l\000\040\000t\000w\000o\000-\000d\000i\000m\000e\000n\000s\000i\000o\000n\000a\000l\000\040\000m\000i\000n\000i\000m\000u\000m}{chapter.53}% 209
\BOOKMARK [1][-]{section.53.3}{\376\377\004\041\004\102\004\060\004\102\004\103\004\101\000\040\000h\000i\000g\000h\000e\000r\000-\000p\000r\000o\000f\000i\000l\000e\000\040\000l\000o\000o\000p\000h\000o\000l\000e}{chapter.53}% 210
\BOOKMARK [0][-]{chapter.54}{\376\377\000H\000e\000a\000t\000-\000k\000e\000r\000n\000e\000l\040\023\000s\000p\000e\000c\000t\000r\000a\000l\000-\000t\000r\000a\000c\000e\000\040\000n\000o\000r\000m\000a\000l\000i\000z\000a\000t\000i\000o\000n\000\040\000d\000i\000c\000t\000i\000o\000n\000a\000r\000y}{}% 211
\BOOKMARK [1][-]{section.54.1}{\376\377\000R\000a\000w\000\040\000f\000o\000u\000r\000-\000d\000i\000m\000e\000n\000s\000i\000o\000n\000a\000l\000\040\000c\000o\000e\000f\000f\000i\000c\000i\000e\000n\000t\000s}{chapter.54}% 212
\BOOKMARK [1][-]{section.54.2}{\376\377\000C\000a\000n\000o\000n\000i\000c\000a\000l\000\040\000s\000c\000a\000l\000a\000r\000\040\000f\000i\000e\000l\000d}{chapter.54}% 213
\BOOKMARK [1][-]{section.54.3}{\376\377\000I\000n\000t\000e\000g\000r\000a\000t\000e\000d\000\040\000b\000a\000s\000e\000-\000K\000\040\000z\000e\000r\000o\000\040\000m\000o\000d\000e}{chapter.54}% 214
\BOOKMARK [1][-]{section.54.4}{\376\377\000A\000r\000c\000h\000i\000t\000e\000c\000t\000u\000r\000e\000\040\000m\000i\000s\000m\000a\000t\000c\000h}{chapter.54}% 215
\BOOKMARK [0][-]{chapter.55}{\376\377\000C\000o\000r\000r\000e\000c\000t\000e\000d\000\040\000z\000e\000r\000o\000-\000m\000o\000d\000e\000\040\000P\000f\000a\000f\000f\000i\000a\000n\000\040\000n\000o\000r\000m\000a\000l\000i\000z\000a\000t\000i\000o\000n}{}% 216
\BOOKMARK [1][-]{section.55.1}{\376\377\000C\000o\000r\000r\000e\000c\000t\000e\000d\000\040\000f\000u\000n\000c\000t\000i\000o\000n\000a\000l}{chapter.55}% 217
\BOOKMARK [1][-]{section.55.2}{\376\377\000R\000e\000d\000u\000c\000e\000d\000\040\000m\000e\000a\000s\000u\000r\000e}{chapter.55}% 218
\BOOKMARK [1][-]{section.55.3}{\376\377\000F\000u\000l\000l\000\040\000K\000O\0006\000\040\000m\000e\000a\000s\000u\000r\000e}{chapter.55}% 219
\BOOKMARK [1][-]{section.55.4}{\376\377\004\041\004\102\004\060\004\102\004\103\004\101\000\040\004\100\004\065\004\067\004\103\004\073\004\114\004\102\004\060\004\102\004\060}{chapter.55}% 220
\BOOKMARK [0][-]{chapter.56}{\376\377\004\037\004\076\004\073\004\075\004\113\004\071\000\040\000z\000e\000t\000a\000-\000d\000e\000t\000e\000r\000m\000i\000n\000a\000n\000t\000\040\004\075\004\060\000\040\000b\000a\000s\000e\000-\000K}{}% 221
\BOOKMARK [1][-]{section.56.1}{\376\377\004\044\004\070\004\067\004\070\004\107\004\065\004\101\004\072\004\070\004\071\000\040\000H\000e\000s\000s\000i\000a\000n\000-\000l\000e\000d\000g\000e\000r}{chapter.56}% 222
\BOOKMARK [1][-]{section.56.2}{\376\377\004\023\004\073\004\076\004\061\004\060\004\073\004\114\004\075\004\076\004\065\000\040\000B\000V\000-\004\101\004\076\004\072\004\100\004\060\004\111\004\065\004\075\004\070\004\065\000\040\004\070\000\040\004\063\004\060\004\100\004\074\004\076\004\075\004\070\004\107\004\065\004\101\004\072\004\070\004\065\000\040\004\074\004\076\004\064\004\113}{chapter.56}% 223
\BOOKMARK [1][-]{section.56.3}{\376\377\004\057\004\062\004\075\004\060\004\117\000\040\000s\000c\000a\000l\000a\000r\000\040\000t\000o\000w\000e\000r\000\040\004\070\000\040\000b\000r\000a\000n\000c\000h\000-\000d\000e\000p\000e\000n\000d\000e\000n\000t\000\040\000f\000e\000r\000m\000i\000o\000n\000s}{chapter.56}% 224
\BOOKMARK [1][-]{section.56.4}{\376\377\004\047\004\102\004\076\000\040\004\070\004\074\004\065\004\075\004\075\004\076\000\040\004\104\004\070\004\072\004\101\004\070\004\100\004\103\004\065\004\102\000\040\000z\000e\000t\000a\000\040\000p\000r\000e\000s\000c\000r\000i\000p\000t\000i\000o\000n}{chapter.56}% 225
\BOOKMARK [0][-]{chapter.57}{\376\377\000S\000c\000h\000e\000m\000e\000-\000i\000n\000d\000e\000p\000e\000n\000d\000e\000n\000t\000\040\000s\000e\000l\000e\000c\000t\000i\000o\000n\000\040\000s\000p\000i\000n\000-\004\062\004\065\004\102\004\062\004\070}{}% 226
\BOOKMARK [1][-]{section.57.1}{\376\377\004\037\004\076\004\107\004\065\004\074\004\103\000\040\004\064\004\062\004\065\000\040\004\062\004\065\004\102\004\062\004\070\000\040\000R\000P\0003\000\040\004\075\004\065\000\040\004\100\004\060\004\067\004\073\004\070\004\107\004\060\004\116\004\102\004\101\004\117}{chapter.57}% 227
\BOOKMARK [1][-]{section.57.2}{\376\377\004\036\004\102\004\075\004\076\004\101\004\070\004\102\004\065\004\073\004\114\004\075\004\113\004\071\000\040\000d\000e\000t\000e\000r\000m\000i\000n\000a\000n\000t\000\040\004\062\004\064\004\076\004\073\004\114\000\040\000S\0001}{chapter.57}% 228
\BOOKMARK [1][-]{section.57.3}{\376\377\004\042\004\076\004\107\004\075\004\113\004\071\000\040\004\067\004\075\004\060\004\072\000\040\004\070\000\040\004\062\004\113\004\061\004\076\004\100\000\040\004\062\004\065\004\102\004\062\004\070}{chapter.57}% 229
\BOOKMARK [1][-]{section.57.4}{\376\377\004\047\004\102\004\076\000\040\004\067\004\060\004\072\004\100\004\113\004\102\004\076\000\040\004\070\000\040\004\107\004\102\004\076\000\040\004\076\004\101\004\102\004\060\004\121\004\102\004\101\004\117}{chapter.57}% 230
\BOOKMARK [0][-]{chapter.58}{\376\377\004\034\004\065\004\100\004\060\000\040\004\101\004\103\004\074\004\074\004\113\000\040\004\077\004\076\000\040\000s\000p\000i\000n\000-\004\101\004\102\004\100\004\103\004\072\004\102\004\103\004\100\004\060\004\074}{}% 231
\BOOKMARK [1][-]{section.58.1}{\376\377\004\047\004\102\004\076\000\040\004\076\004\077\004\100\004\065\004\064\004\065\004\073\004\065\004\075\004\076\000\040\004\102\004\065\004\072\004\103\004\111\004\070\004\074\000\040\000p\000a\000r\000e\000n\000t\000\040\000t\000r\000i\000p\000l\000e}{chapter.58}% 232
\BOOKMARK [1][-]{section.58.2}{\376\377\004\034\004\076\004\066\004\065\004\102\000\040\004\073\004\070\000\040\004\100\004\060\004\062\004\075\004\076\004\074\004\065\004\100\004\075\004\060\004\117\000\040\004\074\004\065\004\100\004\060\000\040\004\101\004\107\004\070\004\102\004\060\004\102\004\114\004\101\004\117\000\040\004\072\004\060\004\075\004\076\004\075\004\070\004\107\004\065\004\101\004\072\004\076\004\071}{chapter.58}% 233
\BOOKMARK [1][-]{section.58.3}{\376\377\004\032\004\076\004\075\004\104\004\073\004\070\004\072\004\102\000\040\004\101\000\040\004\077\004\100\004\065\004\066\004\075\004\065\004\071\000\040\000p\000e\000r\000i\000o\000d\000i\000c\000\040\004\077\004\076\004\101\004\102\004\060\004\075\004\076\004\062\004\072\004\076\004\071}{chapter.58}% 234
\BOOKMARK [1][-]{section.58.4}{\376\377\004\027\004\060\004\074\004\076\004\100\004\076\004\066\004\065\004\075\004\075\004\113\004\071\000\040\004\101\004\102\004\060\004\102\004\103\004\101}{chapter.58}% 235
\BOOKMARK [0][-]{chapter.59}{\376\377\004\040\004\065\004\102\004\100\004\076\004\101\004\077\004\065\004\072\004\102\004\070\004\062\004\060\000\040\004\077\004\100\004\076\004\070\004\101\004\105\004\076\004\066\004\064\004\065\004\075\004\070\004\117\000\040\004\075\004\076\004\101\004\070\004\102\004\065\004\073\004\117\000\040\000K}{}% 236
\BOOKMARK [1][-]{section.59.1}{\376\377\004\047\004\102\004\076\000\040\004\064\004\065\004\071\004\101\004\102\004\062\004\070\004\102\004\065\004\073\004\114\004\075\004\076\000\040\004\064\004\065\004\073\004\060\004\065\004\102\000\040\000z\000e\000r\000o\000-\000p\000r\000o\000m\000p\000t}{chapter.59}% 237
\BOOKMARK [1][-]{section.59.2}{\376\377\004\047\004\102\004\076\000\040\004\075\004\060\000\040\004\101\004\060\004\074\004\076\004\074\000\040\004\064\004\065\004\073\004\065\000\040\004\077\004\076\004\101\004\102\004\103\004\073\004\070\004\100\004\103\004\065\004\102\004\101\004\117\000\040\004\062\000\040\000T\000O\000E}{chapter.59}% 238
\BOOKMARK [1][-]{section.59.3}{\376\377\004\023\004\064\004\065\000\040\004\077\004\076\004\117\004\062\004\073\004\117\004\065\004\102\004\101\004\117\000\040\000S\0003\000\040\000x\000\040\000S\0001}{chapter.59}% 239
\BOOKMARK [1][-]{section.59.4}{\376\377\004\041\004\073\004\065\004\064\004\103\004\116\004\111\004\065\004\065\000\040\004\075\004\060\004\077\004\100\004\060\004\062\004\073\004\065\004\075\004\070\004\065\000\040\004\070\004\101\004\101\004\073\004\065\004\064\004\076\004\062\004\060\004\075\004\070\004\117}{chapter.59}% 240
\BOOKMARK [0][-]{chapter.60}{\376\377\004\041\004\102\004\060\004\106\004\070\004\076\004\075\004\060\004\100\004\075\004\076\004\101\004\102\004\114\000\040\000s\000p\000i\000n\000-\000b\000r\000a\000n\000c\000h\000\040\000d\000e\000t\000e\000r\000m\000i\000n\000a\000n\000t\000\040\004\077\004\076\000\040\004\074\004\060\004\101\004\110\004\102\004\060\004\061\004\103}{}% 241
\BOOKMARK [1][-]{section.60.1}{\376\377\000G\000a\000u\000g\000e\000\040\000m\000a\000s\000s\000\040\004\075\004\065\000\040\004\117\004\062\004\073\004\117\004\065\004\102\004\101\004\117\000\040\004\062\004\075\004\065\004\110\004\075\004\070\004\074\000\040\000S\000t\000u\000e\000c\000k\000e\000l\000b\000e\000r\000g\000\040\000i\000n\000p\000u\000t}{chapter.60}% 242
\BOOKMARK [1][-]{section.60.2}{\376\377\004\042\004\076\004\107\004\075\004\060\004\117\000\040\000p\000e\000r\000i\000o\000d\000i\000c\000/\000A\000P\000\040\004\100\004\060\004\067\004\075\004\076\004\101\004\102\004\114}{chapter.60}% 243
\BOOKMARK [1][-]{section.60.3}{\376\377\004\020\004\075\004\060\004\073\004\070\004\102\004\070\004\107\004\065\004\101\004\072\004\070\004\071\000\040\000d\000e\000r\000i\000v\000a\000t\000i\000v\000e\000\040\000g\000a\000t\000e}{chapter.60}% 244
\BOOKMARK [1][-]{section.60.4}{\376\377\004\030\004\102\004\076\004\063\000\040\004\062\004\075\004\065\004\110\004\075\004\065\004\063\004\076\000\040\004\060\004\103\004\064\004\070\004\102\004\060}{chapter.60}% 245
\BOOKMARK [0][-]{chapter.61}{\376\377\000T\000O\000E\000-\000n\000a\000t\000i\000v\000e\000\040\004\072\004\060\004\075\004\064\004\070\004\064\004\060\004\102\000\040\004\075\004\076\004\101\004\070\004\102\004\065\004\073\004\117\000\040\004\077\004\076\004\101\004\073\004\065\000\040\004\076\004\102\004\072\004\060\004\067\004\060\000\040\004\076\004\102\000\040\004\104\004\070\004\072\004\101\004\070\004\100\004\076\004\062\004\060\004\075\004\075\004\076\004\063\004\076\000\040\000K}{}% 246
\BOOKMARK [1][-]{section.61.1}{\376\377\004\032\004\100\004\070\004\102\004\065\004\100\004\070\004\071\000\040\004\061\004\065\004\067\000\040\004\077\004\076\004\064\004\063\004\076\004\075\004\117\004\065\004\074\004\076\004\063\004\076\000\040\004\104\004\103\004\075\004\072\004\106\004\070\004\076\004\075\004\060\004\073\004\060}{chapter.61}% 247
\BOOKMARK [1][-]{section.61.2}{\376\377\004\041\004\100\004\060\004\062\004\075\004\065\004\075\004\070\004\065\000\040\004\074\004\070\004\075\004\070\004\074\004\060\004\073\004\114\004\075\004\076\004\063\004\076\000\040\004\074\004\065\004\075\004\116}{chapter.61}% 248
\BOOKMARK [1][-]{section.61.3}{\376\377\004\043\004\073\004\103\004\107\004\110\004\065\004\075\004\075\004\060\004\117\000\040\000p\000a\000r\000e\000n\000t\000\040\000g\000e\000o\000m\000e\000t\000r\000y}{chapter.61}% 249
\BOOKMARK [1][-]{section.61.4}{\376\377\004\047\004\102\004\076\000\040\004\065\004\111\004\121\000\040\004\075\004\065\000\040\004\062\004\113\004\062\004\065\004\064\004\065\004\075\004\076}{chapter.61}% 250
\BOOKMARK [1][-]{section.61.5}{\376\377\004\041\004\073\004\065\004\064\004\103\004\116\004\111\004\070\004\071\000\040\004\102\004\076\004\107\004\075\004\113\004\071\000\040\004\100\004\060\004\101\004\107\004\121\004\102}{chapter.61}% 251
\BOOKMARK [0][-]{chapter.62}{\376\377\004\032\004\076\004\100\004\100\004\065\004\073\004\117\004\106\004\070\004\076\004\075\004\075\004\060\004\117\000\040\000p\000u\000r\000i\000t\000y\000:\000\040\000S\0004\000\040\004\077\004\100\004\076\004\102\004\070\004\062\000\040\000S\0002\000\040\000x\000\040\000S\0002}{}% 252
\BOOKMARK [1][-]{section.62.1}{\376\377\000P\000r\000e\000r\000e\000g\000i\000s\000t\000e\000r\000e\000d\000\040\000n\000o\000r\000m\000a\000l\000i\000z\000a\000t\000i\000o\000n}{chapter.62}% 253
\BOOKMARK [1][-]{section.62.2}{\376\377\004\042\004\076\004\107\004\075\004\113\004\065\000\040\000s\000p\000e\000c\000t\000r\000a\000l\000\040\000l\000e\000d\000g\000e\000r\000s}{chapter.62}% 254
\BOOKMARK [1][-]{section.62.3}{\376\377\004\036\004\061\004\060\000\040\004\060\004\101\004\070\004\074\004\077\004\102\004\076\004\102\004\070\004\107\004\065\004\101\004\072\004\070\004\105\000\040\004\072\004\076\004\075\004\106\004\060}{chapter.62}% 255
\BOOKMARK [1][-]{section.62.4}{\376\377\000C\000o\000n\000v\000e\000r\000g\000e\000d\000\040\000m\000i\000d\000d\000l\000e\000-\000p\000r\000o\000f\000i\000l\000e\000\040\000a\000u\000d\000i\000t}{chapter.62}% 256
\BOOKMARK [1][-]{section.62.5}{\376\377\004\023\004\100\004\060\004\075\004\070\004\106\004\060\000\040\004\104\004\070\004\067\004\070\004\107\004\065\004\101\004\072\004\076\004\063\004\076\000\040\004\062\004\113\004\062\004\076\004\064\004\060}{chapter.62}% 257
\BOOKMARK [0][-]{chapter.63}{\376\377\004\022\004\113\004\062\004\076\004\064\000\040\004\067\004\075\004\060\004\072\004\060\000\040\000c\000o\000r\000r\000e\000l\000a\000t\000i\000o\000n\000\040\000p\000r\000i\000n\000c\000i\000p\000l\000e\000\040\004\107\004\065\004\100\004\065\004\067\000\040\000G\000i\000b\000b\000s\000\040\000v\000a\000r\000i\000a\000t\000i\000o\000n\000a\000l\000\040\000i\000d\000e\000n\000t\000i\000t\000y}{}% 258
\BOOKMARK [1][-]{section.63.1}{\376\377\004\034\004\070\004\075\004\070\004\074\004\060\004\073\004\114\004\075\004\076\004\065\000\040\000n\000o\000r\000m\000a\000l\000i\000z\000e\000d\000-\000s\000t\000a\000t\000e\000\040\000c\000o\000m\000p\000l\000e\000t\000i\000o\000n}{chapter.63}% 259
\BOOKMARK [1][-]{section.63.2}{\376\377\000C\000a\000r\000r\000i\000e\000r\000\040\000s\000e\000l\000e\000c\000t\000i\000o\000n\000,\000\040\004\101\004\073\004\065\004\064\004\103\004\116\004\111\004\070\004\071\000\040\004\070\004\067\000\040\004\102\004\076\004\063\004\076\000\040\004\066\004\065\000\040\000f\000u\000n\000c\000t\000i\000o\000n\000a\000l}{chapter.63}% 260
\BOOKMARK [1][-]{section.63.3}{\376\377\000M\000i\000d\000d\000l\000e\000-\000p\000r\000o\000f\000i\000l\000e\000\040\000a\000u\000d\000i\000t}{chapter.63}% 261
\BOOKMARK [1][-]{section.63.4}{\376\377\004\041\004\102\004\060\004\102\004\103\004\101\000\040\004\062\004\113\004\062\004\076\004\064\004\060}{chapter.63}% 262
\BOOKMARK [0][-]{chapter.64}{\376\377\000S\000p\000e\000c\000t\000r\000a\000l\000/\000G\000i\000b\000b\000s\000\040\000n\000o\000-\000g\000o\000\040\004\070\000\040\000o\000p\000e\000r\000a\000t\000o\000r\000\040\000d\000i\000c\000t\000i\000o\000n\000a\000r\000y}{}% 263
\BOOKMARK [1][-]{section.64.1}{\376\377\000T\000r\000a\000c\000e\000-\000c\000l\000a\000s\000s\000\040\000o\000b\000s\000t\000r\000u\000c\000t\000i\000o\000n\000\040\004\070\004\101\004\105\004\076\004\064\004\075\004\076\004\071\000\040\004\067\004\060\004\077\004\070\004\101\004\070}{chapter.64}% 264
\BOOKMARK [1][-]{section.64.2}{\376\377\004\025\004\064\004\070\004\075\004\101\004\102\004\062\004\065\004\075\004\075\004\060\004\117\000\040\004\065\004\101\004\102\004\065\004\101\004\102\004\062\004\065\004\075\004\075\004\060\004\117\000\040\000o\000p\000e\000r\000a\000t\000o\000r\000\040\000c\000o\000r\000r\000e\000c\000t\000i\000o\000n}{chapter.64}% 265
\BOOKMARK [1][-]{section.64.3}{\376\377\004\042\004\076\004\107\004\075\004\060\004\117\000\040\004\115\004\072\004\062\004\070\004\062\004\060\004\073\004\065\004\075\004\102\004\075\004\076\004\101\004\102\004\114\000\040\004\101\000\040\000G\000i\000b\000b\000s\000\040\000f\000u\000n\000c\000t\000i\000o\000n\000a\000l\000\040\004\075\004\065\004\062\004\076\004\067\004\074\004\076\004\066\004\075\004\060}{chapter.64}% 266
\BOOKMARK [1][-]{section.64.4}{\376\377\004\024\004\062\004\103\004\105\004\104\004\103\004\075\004\072\004\106\004\070\004\076\004\075\004\060\004\073\004\114\004\075\004\060\004\117\000\040\000p\000a\000r\000e\000n\000t\000\040\000a\000r\000c\000h\000i\000t\000e\000c\000t\000u\000r\000e}{chapter.64}% 267
\BOOKMARK [0][-]{chapter.65}{\376\377\004\020\004\061\004\101\004\076\004\073\004\116\004\102\004\075\004\113\004\071\000\040\004\100\004\060\004\064\004\070\004\103\004\101\000\040\000S\0004\000:\000\040\004\077\004\100\004\076\004\102\004\070\004\062\004\076\004\077\004\076\004\073\004\076\004\066\004\075\004\113\004\071\000\040\000b\000o\000u\000n\000d\000a\000r\000y\000\040\000n\000o\000-\000g\000o}{}% 268
\BOOKMARK [1][-]{section.65.1}{\376\377\000G\000i\000b\000b\000s\000\040\000f\000u\000n\000c\000t\000i\000o\000n\000a\000l\000\040\004\062\004\065\004\064\004\121\004\102\000\040\004\072\000\040\000d\000e\000c\000o\000m\000p\000a\000c\000t\000i\000f\000i\000c\000a\000t\000i\000o\000n}{chapter.65}% 269
\BOOKMARK [1][-]{section.65.2}{\376\377\000P\000o\000s\000i\000t\000i\000v\000e\000\040\000s\000p\000e\000c\000t\000r\000a\000l\000\040\000a\000c\000t\000i\000o\000n\000\040\004\062\004\065\004\064\004\121\004\102\000\040\004\072\000\040\000c\000o\000l\000l\000a\000p\000s\000e}{chapter.65}% 270
\BOOKMARK [1][-]{section.65.3}{\376\377\004\037\004\076\004\107\004\065\004\074\004\103\000\040\004\077\004\100\004\076\004\101\004\102\004\060\004\117\000\040\004\101\004\103\004\074\004\074\004\060\000\040\004\075\004\065\000\040\004\117\004\062\004\073\004\117\004\065\004\102\004\101\004\117\000\040\004\100\004\065\004\110\004\065\004\075\004\070\004\065\004\074}{chapter.65}% 271
\BOOKMARK [1][-]{section.65.4}{\376\377\004\030\004\102\004\076\004\063}{chapter.65}% 272
\BOOKMARK [0][-]{chapter.66}{\376\377\000F\000r\000e\000e\000-\000e\000n\000e\000r\000g\000y\000\040\000d\000e\000n\000s\000i\000t\000y\000\040\004\075\004\060\000\040\000c\000o\000r\000r\000e\000l\000a\000t\000i\000o\000n\000\040\000c\000e\000l\000l\000:\000\040\004\103\004\101\004\073\004\076\004\062\004\075\004\060\004\117\000\040\004\101\004\102\004\060\004\061\004\070\004\073\004\070\004\067\004\060\004\106\004\070\004\117\000\040\000S\0004}{}% 273
\BOOKMARK [1][-]{section.66.1}{\376\377\000R\000o\000u\000n\000d\000\040\000f\000o\000u\000r\000-\000s\000p\000h\000e\000r\000e}{chapter.66}% 274
\BOOKMARK [1][-]{section.66.2}{\376\377\000T\000h\000e\000r\000m\000o\000d\000y\000n\000a\000m\000i\000c\000\040\000m\000e\000a\000n\000i\000n\000g\000\040\000s\000t\000a\000t\000i\000o\000n\000a\000r\000i\000t\000y}{chapter.66}% 275
\BOOKMARK [1][-]{section.66.3}{\376\377\004\037\004\076\004\062\004\102\004\076\004\100\004\075\004\060\004\117\000\040\004\077\004\100\004\076\004\062\004\065\004\100\004\072\004\060\000\040\004\061\004\073\004\070\004\066\004\060\004\071\004\110\004\065\004\063\004\076\000\040\004\072\004\076\004\075\004\072\004\103\004\100\004\065\004\075\004\102\004\060}{chapter.66}% 276
\BOOKMARK [1][-]{section.66.4}{\376\377\004\041\004\102\004\060\004\102\004\103\004\101\000\040\004\077\004\065\004\100\004\065\004\076\004\102\004\072\004\100\004\113\004\102\004\070\004\117}{chapter.66}% 277
\BOOKMARK [0][-]{chapter.67}{\376\377\004\020\004\061\004\101\004\076\004\073\004\116\004\102\004\075\004\060\004\117\000\040\004\075\004\076\004\100\004\074\004\070\004\100\004\076\004\062\004\072\004\060\000\040\000s\000i\000g\000m\000a\000\040\004\070\000\040\000E\000F\000T\000-\000v\000a\000l\000i\000d\000i\000t\000y\000\040\000g\000a\000t\000e}{}% 278
\BOOKMARK [1][-]{section.67.1}{\376\377\004\023\004\100\004\060\004\062\004\070\004\102\004\060\004\106\004\070\004\076\004\075\004\075\004\060\004\117\000\040\004\075\004\076\004\100\004\074\004\070\004\100\004\076\004\062\004\072\004\060}{chapter.67}% 279
\BOOKMARK [1][-]{section.67.2}{\376\377\004\041\004\060\004\074\004\076\004\101\004\076\004\063\004\073\004\060\004\101\004\076\004\062\004\060\004\075\004\075\004\076\004\101\004\102\004\114\000\040\000S\000e\000e\000l\000e\000y\040\023\000D\000e\000W\000i\000t\000t\000\040\000e\000x\000p\000a\000n\000s\000i\000o\000n}{chapter.67}% 280
\BOOKMARK [1][-]{section.67.3}{\376\377\004\042\004\100\004\065\004\061\004\103\004\065\004\074\004\060\004\117\000\040\000s\000c\000a\000l\000e\000\040\000s\000e\000p\000a\000r\000a\000t\000i\000o\000n}{chapter.67}% 281
\BOOKMARK [1][-]{section.67.4}{\376\377\004\030\004\102\004\076\004\063}{chapter.67}% 282
\BOOKMARK [0][-]{chapter.68}{\376\377\000H\000y\000b\000r\000i\000d\000\040\000e\000x\000p\000e\000r\000i\000m\000e\000n\000t\000:\000\040\000S\0004\000\040\000s\000p\000a\000c\000e\000t\000i\000m\000e\000\040\004\070\000\040\000R\000P\0003\000\040\000i\000n\000t\000e\000r\000n\000a\000l\000\040\000s\000e\000c\000t\000o\000r}{}% 283
\BOOKMARK [1][-]{section.68.1}{\376\377\004\036\004\102\004\064\004\065\004\073\004\114\004\075\004\060\004\117\000\040\000s\000c\000a\000l\000a\000r\000\040\000c\000o\000r\000r\000e\000l\000a\000t\000i\000o\000n\000\040\000d\000e\000n\000s\000i\000t\000y\000\040\004\075\004\060\000\040\000R\000P\0003}{chapter.68}% 284
\BOOKMARK [1][-]{section.68.2}{\376\377\000H\000o\000n\000e\000s\000t\000\040\000p\000r\000o\000d\000u\000c\000t\000\040\000f\000u\000n\000c\000t\000i\000o\000n\000a\000l\000\040\004\075\004\065\000\040\004\101\004\102\004\060\004\061\004\070\004\073\004\065\004\075}{chapter.68}% 285
\BOOKMARK [1][-]{section.68.3}{\376\377\000K\000K\000\040\000p\000r\000i\000c\000e\000\040\000m\000e\000t\000r\000i\000c\000\040\000i\000n\000t\000e\000r\000n\000a\000l\000\040\000s\000e\000c\000t\000o\000r}{chapter.68}% 286
\BOOKMARK [1][-]{section.68.4}{\376\377\004\047\004\102\004\076\000\040\004\070\004\067\000\040\004\101\004\102\004\060\004\100\004\076\004\063\004\076\000\040\000K\000\040\004\074\004\076\004\066\004\075\004\076\000\040\004\101\004\076\004\105\004\100\004\060\004\075\004\070\004\102\004\114}{chapter.68}% 287
\BOOKMARK [1][-]{section.68.5}{\376\377\004\037\004\076\004\062\004\102\004\076\004\100\004\075\004\113\004\071\000\040\004\060\004\103\004\064\004\070\004\102\000\040\000c\000o\000n\000n\000e\000c\000t\000e\000d\000\040\004\070\000\040\000i\000n\000f\000o\000r\000m\000a\000t\000i\000o\000n\000\040\004\074\004\065\004\100}{chapter.68}% 288
\BOOKMARK [0][-]{chapter.69}{\376\377\004\040\004\065\004\102\004\100\004\076\004\101\004\077\004\065\004\072\004\102\004\070\004\062\004\075\004\113\004\071\000\040\004\060\004\103\004\064\004\070\004\102\000\040\004\077\004\100\004\076\004\065\004\072\004\102\004\060\000:\000\040\004\115\004\075\004\102\004\100\004\076\004\077\004\070\004\117\000,\000\040\004\074\004\065\004\100\004\060\000\040\004\070\000\040\004\075\004\065\004\067\004\060\004\062\004\065\004\100\004\110\004\121\004\075\004\075\004\060\004\117\000\040\004\062\004\060\004\100\004\070\004\060\004\106\004\070\004\076\004\075\004\075\004\060\004\117\000\040\004\077\004\100\004\076\004\063\004\100\004\060\004\074\004\074\004\060}{}% 289
\BOOKMARK [1][-]{section.69.1}{\376\377\004\023\004\065\004\075\004\065\004\060\004\073\004\076\004\063\004\070\004\117\000\040\004\070\004\101\004\105\004\076\004\064\004\075\004\076\004\063\004\076\000\040\000c\000a\000r\000r\000i\000e\000r}{chapter.69}% 290
\BOOKMARK [1][-]{section.69.2}{\376\377\004\042\004\100\004\070\000\040\004\100\004\060\004\067\004\075\004\113\004\065\000\040\004\115\004\075\004\102\004\100\004\076\004\077\004\070\004\070}{chapter.69}% 291
\BOOKMARK [1][-]{section.69.3}{\376\377\000S\000c\000a\000l\000e\000\040\000d\000e\000p\000e\000n\000d\000e\000n\000c\000e\000\040\000m\000i\000n\000i\000m\000u\000m\000\040\000s\000p\000e\000c\000t\000r\000a\000l\000\040\000e\000n\000e\000r\000g\000y}{chapter.69}% 292
\BOOKMARK [1][-]{section.69.4}{\376\377\004\037\004\076\004\107\004\065\004\074\004\103\000\040\004\100\004\060\004\075\004\075\004\117\004\117\000\040\000f\000a\000c\000t\000o\000r\000i\000z\000a\000t\000i\000o\000n\000\040\004\075\004\065\000\040\004\101\004\077\004\060\004\101\004\060\004\065\004\102\000\040\000h\000y\000b\000r\000i\000d}{chapter.69}% 293
\BOOKMARK [1][-]{section.69.5}{\376\377\004\047\004\102\004\076\000\040\004\064\004\065\004\071\004\101\004\102\004\062\004\070\004\102\004\065\004\073\004\114\004\075\004\076\000\040\004\077\004\065\004\100\004\065\004\066\004\070\004\073\004\076\000\040\004\062\004\065\004\101\004\114\000\040\004\072\004\076\004\100\004\077\004\103\004\101}{chapter.69}% 294
\BOOKMARK [1][-]{section.69.6}{\376\377\004\030\004\101\004\077\004\100\004\060\004\062\004\073\004\065\004\075\004\075\004\113\004\071\000\040\004\072\004\060\004\075\004\064\004\070\004\064\004\060\004\102\000\040\004\101\004\073\004\065\004\064\004\103\004\116\004\111\004\065\004\071\000\040\004\077\004\100\004\076\004\063\004\100\004\060\004\074\004\074\004\113}{chapter.69}% 295
\BOOKMARK [0][-]{chapter.70}{\376\377\000N\000e\000g\000a\000t\000i\000v\000e\000-\000s\000p\000a\000c\000e\000\040\000a\000u\000d\000i\000t\000:\000\040\004\067\004\060\004\061\004\113\004\102\004\113\004\065\000\040\000b\000u\000n\000d\000l\000e\000-\004\072\004\073\004\060\004\101\004\101\004\113\000\040\004\070\000\040\004\075\004\065\004\077\004\100\004\076\004\062\004\065\004\100\004\065\004\075\004\075\004\113\004\071\000\040\000f\000u\000l\000l\000-\000f\000i\000e\000l\000d\000\040\000c\000a\000r\000r\000i\000e\000r\000\040\000a\000c\000t\000i\000o\000n}{}% 296
\BOOKMARK [1][-]{section.70.1}{\376\377\004\036\004\061\004\073\004\060\004\101\004\102\004\114\000\040\004\064\004\065\004\071\004\101\004\102\004\062\004\070\004\117\000\040\004\077\004\100\004\065\004\066\004\075\004\070\004\105\000\040\000n\000o\000-\000g\000o\000\040\004\100\004\065\004\067\004\103\004\073\004\114\004\102\004\060\004\102\004\076\004\062}{chapter.70}% 297
\BOOKMARK [1][-]{section.70.2}{\376\377\004\027\004\060\004\061\004\113\004\102\004\076\004\065\000\040\004\075\004\065\004\102\004\100\004\070\004\062\004\070\004\060\004\073\004\114\004\075\004\076\004\065\000\040\000c\000i\000r\000c\000l\000e\000\040\000b\000u\000n\000d\000l\000e}{chapter.70}% 298
\BOOKMARK [1][-]{section.70.3}{\376\377\004\047\004\102\004\076\000\040\004\077\004\100\004\065\004\066\004\075\004\065\004\065\000\040\004\067\004\060\004\072\004\100\004\113\004\102\004\070\004\065\000\040\000b\000u\000n\000d\000l\000e\000\040\004\075\004\065\000\040\004\077\004\100\004\076\004\062\004\065\004\100\004\117\004\073\004\076}{chapter.70}% 299
\BOOKMARK [1][-]{section.70.4}{\376\377\004\023\004\073\004\060\004\062\004\075\004\113\004\071\000\040\004\064\004\065\004\071\004\101\004\102\004\062\004\070\004\102\004\065\004\073\004\114\004\075\004\076\000\040\004\077\004\100\004\076\004\077\004\103\004\111\004\065\004\075\004\075\004\113\004\071\000\040\000g\000a\000t\000e}{chapter.70}% 300
\BOOKMARK [1][-]{section.70.5}{\376\377\004\024\004\100\004\103\004\063\004\070\004\065\000\040\004\075\004\060\004\071\004\064\004\065\004\075\004\075\004\113\004\065\000,\000\040\004\075\004\076\000\040\004\074\004\065\004\075\004\065\004\065\000\040\004\101\004\070\004\073\004\114\004\075\004\113\004\065\000\040\004\077\004\100\004\076\004\077\004\103\004\101\004\072\004\070}{chapter.70}% 301
\BOOKMARK [1][-]{section.70.6}{\376\377\004\035\004\076\004\062\004\060\004\117\000\040\004\076\004\107\004\065\004\100\004\121\004\064\004\075\004\076\004\101\004\102\004\114}{chapter.70}% 302
\BOOKMARK [0][-]{chapter.71}{\376\377\000F\000u\000l\000l\000-\000f\000i\000e\000l\000d\000\040\000c\000a\000r\000r\000i\000e\000r\000\040\000g\000a\000t\000e\000:\000\040\000c\000o\000u\000n\000t\000e\000r\000t\000e\000r\000m\000\040\000o\000b\000s\000t\000r\000u\000c\000t\000i\000o\000n}{}% 303
\BOOKMARK [1][-]{section.71.1}{\376\377\004\036\004\061\004\111\004\060\004\117\000\040\004\101\004\102\004\100\004\103\004\072\004\102\004\103\004\100\004\060\000\040\000o\000n\000e\000-\000l\000o\000o\000p\000\040\000a\000c\000t\000i\000o\000n}{chapter.71}% 304
\BOOKMARK [1][-]{section.71.2}{\376\377\000U\000n\000i\000t\000-\000v\000o\000l\000u\000m\000e\000\040\000i\000n\000v\000a\000r\000i\000a\000n\000t\000\040\000l\000e\000d\000g\000e\000r}{chapter.71}% 305
\BOOKMARK [1][-]{section.71.3}{\376\377\004\057\004\062\004\075\004\113\004\071\000\040\000r\000e\000v\000e\000r\000s\000a\000l\000\040\000t\000h\000e\000o\000r\000e\000m}{chapter.71}% 306
\BOOKMARK [1][-]{section.71.4}{\376\377\004\037\004\076\004\107\004\065\004\074\004\103\000\040\000m\000i\000n\000i\000m\000a\000l\000\040\000s\000u\000b\000t\000r\000a\000c\000t\000i\000o\000n\000\040\004\075\004\065\004\064\004\076\004\101\004\102\004\060\004\102\004\076\004\107\004\075\004\060}{chapter.71}% 307
\BOOKMARK [1][-]{section.71.5}{\376\377\004\024\004\076\004\077\004\076\004\073\004\075\004\070\004\102\004\065\004\073\004\114\004\075\004\113\004\071\000\040\000v\000e\000c\000t\000o\000r\000-\000m\000a\000s\000s\000\040\004\100\004\060\004\067\004\100\004\113\004\062}{chapter.71}% 308
\BOOKMARK [1][-]{section.71.6}{\376\377\004\030\004\101\004\077\004\100\004\060\004\062\004\073\004\065\004\075\004\075\004\113\004\071\000\040\004\101\004\073\004\065\004\064\004\103\004\116\004\111\004\070\004\071\000\040\004\100\004\060\004\101\004\107\004\121\004\102}{chapter.71}% 309
\BOOKMARK [0][-]{chapter.72}{\376\377\000G\000a\000u\000s\000s\000i\000a\000n\000\040\000b\000a\000r\000e\000\040\000s\000p\000e\000c\000t\000r\000a\000l\000\040\000a\000c\000t\000i\000o\000n\000\040\004\072\004\060\004\072\000\040\000p\000a\000r\000e\000n\000t\000\040\000t\000o\000p\000o\000l\000o\000g\000y\000\040\000m\000e\000a\000s\000u\000r\000e}{}% 310
\BOOKMARK [1][-]{section.72.1}{\376\377\000G\000a\000u\000s\000s\000i\000a\000n\000\040\000m\000o\000m\000e\000n\000t\000s}{chapter.72}% 311
\BOOKMARK [1][-]{section.72.2}{\376\377\000E\000x\000a\000c\000t\000\040\000D\000i\000r\000a\000c\000\040\000h\000e\000a\000t\000\040\000t\000r\000a\000c\000e\000s}{chapter.72}% 312
\BOOKMARK [1][-]{section.72.3}{\376\377\000A\000l\000m\000o\000s\000t\000-\000c\000o\000m\000m\000u\000t\000a\000t\000i\000v\000e\000\040\000f\000a\000c\000t\000o\000r\000i\000z\000a\000t\000i\000o\000n}{chapter.72}% 313
\BOOKMARK [1][-]{section.72.4}{\376\377\004\041\004\076\004\062\004\074\004\065\004\101\004\102\004\070\004\074\004\076\004\101\004\102\004\114\000\040\004\101\000\040\000c\000o\000r\000r\000e\000l\000a\000t\000i\000o\000n\000-\000c\000e\000l\000l\000\040\000s\000c\000a\000l\000e}{chapter.72}% 314
\BOOKMARK [1][-]{section.72.5}{\376\377\004\037\004\076\004\107\004\065\004\074\004\103\000\040\000q\000u\000a\000n\000t\000u\000m\000\040\000a\000m\000b\000i\000g\000u\000i\000t\000y\000\040\004\075\004\065\000\040\004\070\004\101\004\107\004\065\004\067\004\073\004\060\000\040\004\077\004\076\004\073\004\075\004\076\004\101\004\102\004\114\004\116}{chapter.72}% 315
\BOOKMARK [0][-]{chapter.73}{\376\377\000O\000n\000e\000-\000k\000e\000r\000n\000e\000l\000\040\000s\000i\000g\000n\000\040\000t\000r\000i\000l\000e\000m\000m\000a}{}% 316
\BOOKMARK [0][-]{chapter.74}{\376\377\000G\000i\000b\000b\000s\040\023\000F\000i\000s\000h\000e\000r\000\040\000g\000e\000o\000m\000e\000t\000r\000y\000\040\004\070\000\040\004\072\004\060\004\075\004\076\004\075\004\070\004\107\004\065\004\101\004\072\004\060\004\117\000\040\000r\000a\000d\000i\000a\000l\000\040\000m\000e\000a\000s\000u\000r\000e}{}% 317
\BOOKMARK [0][-]{chapter.75}{\376\377\000R\000e\000v\000e\000r\000s\000e\000-\000a\000u\000d\000i\000t\000\040\004\076\004\102\004\100\004\070\004\106\004\060\004\102\004\065\004\073\004\114\004\075\004\113\004\105\000\040\004\062\004\065\004\102\004\062\004\065\004\071\000\040\004\042\004\076\004\074\004\060\000\040\000I\000I}{}% 318
\BOOKMARK [1][-]{section.75.1}{\376\377\000C\0006\000:\000\040\004\077\004\076\004\064\004\102\004\062\004\065\004\100\004\066\004\064\004\121\004\075\004\075\004\113\004\071\000\040\004\076\004\102\004\100\004\070\004\106\004\060\004\102\004\065\004\073\004\114\004\075\004\113\004\071\000\040\004\100\004\065\004\067\004\103\004\073\004\114\004\102\004\060\004\102}{chapter.75}% 319
\BOOKMARK [1][-]{section.75.2}{\376\377\004\035\004\065\004\071\004\102\004\100\004\070\004\075\004\076\000:\000\040\004\072\004\100\004\060\004\101\004\075\004\076\004\065\000\040\004\107\004\070\004\101\004\073\004\076\000,\000\040\004\075\004\076\000\040\004\066\004\070\004\062\004\076\004\071\000\040\004\076\004\077\004\065\004\100\004\060\004\102\004\076\004\100}{chapter.75}% 320
\BOOKMARK [1][-]{section.75.3}{\376\377\000E\000W\000/\000Q\000C\000D\000:\000\040\004\101\004\073\004\070\004\110\004\072\004\076\004\074\000\040\004\110\004\070\004\100\004\076\004\072\004\070\004\071\000\040\004\072\004\100\004\060\004\101\004\075\004\113\004\071\000\040\004\117\004\100\004\073\004\113\004\072}{chapter.75}% 321
\BOOKMARK [1][-]{section.75.4}{\376\377\000C\000h\000a\000r\000g\000e\000d\000-\000l\000e\000p\000t\000o\000n\000\040\000v\000e\000r\000t\000e\000x\000:\000\040\004\075\004\065\004\064\004\076\004\072\004\060\004\067\004\060\004\075\004\075\004\113\004\071\000\040\004\076\004\061\004\111\004\070\004\071\000\040\000n\000o\000-\000g\000o}{chapter.75}% 322
\BOOKMARK [1][-]{section.75.5}{\376\377\004\037\004\100\004\070\004\076\004\100\004\070\004\102\004\065\004\102\000\040\004\077\004\065\004\100\004\065\004\076\004\102\004\072\004\100\004\113\004\102\004\070\004\117}{chapter.75}% 323
\BOOKMARK [0][-]{chapter.76}{\376\377\000W\000i\000l\000s\000o\000n\040\023\000d\000e\000f\000e\000c\000t\000\040\000p\000a\000r\000e\000n\000t\000-\000s\000u\000p\000e\000r\000c\000o\000n\000n\000e\000c\000t\000i\000o\000n\000\040\000g\000a\000t\000e}{}% 324
\BOOKMARK [1][-]{section.76.1}{\376\377\004\037\004\076\004\107\004\065\004\074\004\103\000\040\004\076\004\064\004\075\004\060\000\040\004\067\004\060\004\077\004\070\004\101\004\114\000\040\004\065\004\111\004\121\000\040\004\075\004\065\000\040\004\117\004\062\004\073\004\117\004\065\004\102\004\101\004\117\000\040\004\076\004\064\004\075\004\070\004\074\000\040\004\074\004\065\004\105\004\060\004\075\004\070\004\067\004\074\004\076\004\074}{chapter.76}% 325
\BOOKMARK [1][-]{section.76.2}{\376\377\000E\000x\000a\000c\000t\000-\000w\000e\000i\000g\000h\000t\000\040\000o\000b\000s\000t\000r\000u\000c\000t\000i\000o\000n}{chapter.76}% 326
\BOOKMARK [1][-]{section.76.3}{\376\377\000F\000i\000x\000e\000d\000-\000c\000h\000a\000r\000g\000e\000\040\000o\000b\000s\000t\000r\000u\000c\000t\000i\000o\000n}{chapter.76}% 327
\BOOKMARK [1][-]{section.76.4}{\376\377\000P\000a\000r\000e\000n\000t\000-\000a\000c\000t\000i\000o\000n\000\040\000v\000e\000r\000d\000i\000c\000t}{chapter.76}% 328
\BOOKMARK [1][-]{section.76.5}{\376\377\000F\000a\000m\000i\000l\000y\000-\000C\000a\000s\000i\000m\000i\000r\000\040\000s\000e\000l\000e\000c\000t\000o\000r\000\040\004\062\004\074\004\065\004\101\004\102\004\076\000\040\000m\000i\000n\000i\000m\000a\000l\000-\000p\000m\000a\000x}{chapter.76}% 329
\BOOKMARK [1][-]{section.76.6}{\376\377\000E\000x\000a\000c\000t\000\040\000r\000e\000d\000u\000c\000e\000d\000\040\000p\000a\000t\000h\000\040\000i\000n\000t\000e\000g\000r\000a\000l}{chapter.76}% 330
\BOOKMARK [1][-]{section.76.7}{\376\377\000M\000a\000p\000p\000i\000n\000g\000-\000c\000o\000n\000e\000\040\000c\000o\000m\000m\000o\000n\000\040\000o\000p\000e\000r\000a\000t\000o\000r}{chapter.76}% 331
\BOOKMARK [1][-]{section.76.8}{\376\377\000T\000h\000r\000e\000e\000-\000n\000o\000d\000e\000\040\000g\000r\000a\000d\000e\000d\000\040\000c\000o\000m\000p\000l\000e\000t\000i\000o\000n}{chapter.76}% 332
\BOOKMARK [1][-]{section.76.9}{\376\377\000P\000e\000r\000i\000o\000d\000i\000c\000-\000s\000i\000n\000g\000l\000e\000t\000\040\000d\000e\000t\000e\000r\000m\000i\000n\000a\000n\000t\000:\000\040\000a\000l\000l\000-\000o\000r\000d\000e\000r\000s\000\040\000B\000V\000\040\000n\000o\000-\000g\000o}{chapter.76}% 333
\BOOKMARK [1][-]{section.76.10}{\376\377\000P\000e\000r\000i\000o\000d\000i\000c\000\040\000e\000x\000a\000c\000t\040\023\000g\000h\000o\000s\000t\000\040\000B\000V\000\040\000l\000e\000d\000g\000e\000r}{chapter.76}% 334
\BOOKMARK [1][-]{section.76.11}{\376\377\000C\000o\000e\000x\000a\000c\000t\000-\000c\000a\000n\000c\000e\000l\000l\000a\000t\000i\000o\000n\000\040\000t\000r\000i\000l\000e\000m\000m\000a}{chapter.76}% 335
\BOOKMARK [1][-]{section.76.12}{\376\377\000F\000i\000x\000e\000d\000-\000c\000h\000a\000r\000g\000e\000\040\000G\000a\000u\000s\000s\000-\000l\000a\000w\000\040\004\070\000\040\004\076\004\061\004\111\004\060\004\117\000\040\000f\000a\000m\000i\000l\000y\000-\004\074\004\065\004\100\004\060}{chapter.76}% 336
\BOOKMARK [2][-]{subsection.76.12.1}{\376\377\004\035\004\076\004\100\004\074\004\070\004\100\004\076\004\062\004\072\004\103\000\040\004\075\004\060\000\040\004\102\004\100\004\070\000\040\004\074\004\076\004\066\004\075\004\076\000\040\004\101\004\064\004\065\004\073\004\060\004\102\004\114\000\040\004\101\004\076\004\063\004\073\004\060\004\101\004\076\004\062\004\060\004\075\004\075\004\076\004\071}{section.76.12}% 337
\BOOKMARK [2][-]{subsection.76.12.2}{\376\377\004\036\004\064\004\070\004\075\000\040\004\067\004\060\004\072\004\076\004\075\000\040\004\023\004\060\004\103\004\101\004\101\004\060\000\040\004\075\004\065\000\040\004\062\004\113\004\061\004\070\004\100\004\060\004\065\004\102\000\040\004\062\004\076\004\101\004\065\004\074\004\114\000\040\004\070\004\074\004\077\004\103\004\073\004\114\004\101\004\076\004\062}{section.76.12}% 338
\BOOKMARK [1][-]{section.76.13}{\376\377\000C\000o\000h\000e\000r\000e\000n\000t\000-\000s\000o\000u\000r\000c\000e\000\040\000G\000a\000u\000s\000s\000i\000a\000n\000:\000\040\004\060\004\073\004\114\004\102\004\065\004\100\004\075\004\060\004\102\004\070\004\062\004\075\004\060\004\117\000\040\004\100\004\076\004\102\004\076\004\100\004\075\004\060\004\117\000\040\004\072\004\076\004\075\004\101\004\102\004\100\004\103\004\072\004\106\004\070\004\117}{chapter.76}% 339
\BOOKMARK [0][-]{chapter.77}{\376\377\004\022\004\076\004\101\004\101\004\102\004\060\004\075\004\076\004\062\004\073\004\065\004\075\004\075\004\113\004\071\000\040\000q\000u\000a\000n\000t\000i\000z\000e\000d\000\040\000r\000o\000t\000o\000r\000\040\000m\000o\000m\000e\000n\000t\000u\000m\000\040\000g\000a\000t\000e}{}% 340
\BOOKMARK [0][-]{chapter.78}{\376\377\000H\000e\000s\000s\000i\000a\000n\000-\000p\000r\000i\000n\000c\000i\000p\000l\000e\000\040\000s\000i\000g\000n\000\040\000t\000r\000i\000l\000e\000m\000m\000a}{}% 341
\BOOKMARK [1][-]{section.78.1}{\376\377\004\033\004\070\004\102\004\065\004\100\004\060\004\102\004\103\004\100\004\075\004\060\004\117\000\040\004\072\004\076\004\100\004\100\004\065\004\072\004\106\004\070\004\117\000:\000\040\000f\000r\000e\000e\000-\000e\000n\000e\000r\000g\000y\000\040\000r\000e\000s\000p\000o\000n\000s\000e\000\040\004\075\004\065\000\040\004\117\004\062\004\073\004\117\004\065\004\102\004\101\004\117\000\040\000m\000e\000t\000r\000i\000c\000\040\000s\000i\000g\000n\000\040\000e\000r\000r\000o\000r}{chapter.78}% 342
\BOOKMARK [0][-]{chapter.79}{\376\377\004\033\004\070\004\102\004\065\004\100\004\060\004\102\004\103\004\100\004\075\004\113\004\071\000\040\000p\000r\000i\000o\000r\000i\000t\000y\000\040\000a\000u\000d\000i\000t\000\040\000m\000a\000p\000p\000i\000n\000g\000-\000c\000o\000n\000e\000\040\000s\000p\000e\000c\000t\000r\000a\000l\000\040\000H\000e\000s\000s\000i\000a\000n}{}% 343
\BOOKMARK [1][-]{section.79.1}{\376\377\004\047\004\102\004\076\000\040\004\062\000\040\004\073\004\070\004\102\004\065\004\100\004\060\004\102\004\103\004\100\004\065\000\040\004\103\004\066\004\065\000\040\004\101\004\103\004\111\004\065\004\101\004\102\004\062\004\103\004\065\004\102}{chapter.79}% 344
\BOOKMARK [1][-]{section.79.2}{\376\377\004\047\004\102\004\076\000\040\004\077\004\100\004\070\000\040\004\077\004\076\004\070\004\101\004\072\004\065\000\040\004\075\004\065\000\040\004\076\004\061\004\075\004\060\004\100\004\103\004\066\004\065\004\075\004\076}{chapter.79}% 345
\BOOKMARK [0][-]{chapter.80}{\376\377\000S\000p\000e\000c\000t\000r\000a\000l\000\040\000P\000a\000t\000i\040\023\000S\000a\000l\000a\000m\000\040\000b\000r\000i\000d\000g\000e\000:\000\040\004\060\004\100\004\105\004\070\004\102\004\065\004\072\004\102\004\103\004\100\004\075\004\113\004\071\000\040\000g\000a\000t\000e}{}% 346
\BOOKMARK [1][-]{section.80.1}{\376\377\004\037\004\076\004\107\004\065\004\074\004\103\000\040\004\077\004\100\004\076\004\062\004\065\004\100\004\117\004\065\004\102\004\101\004\117\000\040\004\070\004\074\004\065\004\075\004\075\004\076\000\040\004\115\004\102\004\076\004\102\000\040\004\074\004\076\004\101\004\102}{chapter.80}% 347
\BOOKMARK [1][-]{section.80.2}{\376\377\000B\000l\000i\000n\000d\000\040\000t\000e\000s\000t\000\040\004\103\004\066\004\065\000\040\004\070\004\074\004\065\004\116\004\111\004\065\004\063\004\076\004\101\004\117\000\040\004\074\004\060\004\101\004\110\004\102\004\060\004\061\004\060}{chapter.80}% 348
\BOOKMARK [1][-]{section.80.3}{\376\377\004\047\004\102\004\076\000\040\004\077\004\100\004\076\004\070\004\101\004\105\004\076\004\064\004\070\004\102\000\040\004\077\004\100\004\070\000\040\004\101\004\062\004\076\004\061\004\076\004\064\004\075\004\076\004\074\000\040\004\062\004\113\004\061\004\076\004\100\004\065\000\040\000m\000R}{chapter.80}% 349
\BOOKMARK [1][-]{section.80.4}{\376\377\004\041\004\073\004\065\004\064\004\103\004\116\004\111\004\070\004\071\000\040\000d\000e\000c\000i\000s\000i\000v\000e\000\040\000g\000a\000t\000e}{chapter.80}% 350
\BOOKMARK [1][-]{section.80.5}{\376\377\004\033\004\070\004\102\004\065\004\100\004\060\004\102\004\103\004\100\004\060\000\040\004\070\000\040\004\062\004\076\004\101\004\077\004\100\004\076\004\070\004\067\004\062\004\076\004\064\004\070\004\074\004\076\004\101\004\102\004\114}{chapter.80}% 351
\BOOKMARK [0][-]{chapter.81}{\376\377\000P\000a\000t\000i\040\023\000S\000a\000l\000a\000m\000\040\000v\000a\000c\000u\000u\000m\000\040\004\070\000\040\000u\000n\000i\000v\000e\000r\000s\000a\000l\000-\000s\000i\000n\000g\000l\000e\000t\000\040\000n\000o\000-\000g\000o}{}% 352
\BOOKMARK [1][-]{section.81.1}{\376\377\004\033\004\070\004\102\004\065\004\100\004\060\004\102\004\103\004\100\004\075\004\113\004\071\000\040\000v\000a\000c\000u\000u\000m\000\040\000o\000b\000s\000t\000r\000u\000c\000t\000i\000o\000n}{chapter.81}% 353
\BOOKMARK [1][-]{section.81.2}{\376\377\004\037\004\100\004\076\004\062\004\065\004\100\004\072\004\060\000\040\004\103\004\066\004\065\000\040\004\070\004\074\004\065\004\116\004\111\004\065\004\063\004\076\004\101\004\117\000\040\000s\000i\000n\000g\000l\000e\000t}{chapter.81}% 354
\BOOKMARK [1][-]{section.81.3}{\376\377\004\035\004\065\004\071\004\102\004\100\004\070\004\075\004\075\004\113\004\071\000\040\004\074\004\060\004\101\004\110\004\102\004\060\004\061\000\040\004\075\004\065\000\040\004\117\004\062\004\073\004\117\004\065\004\102\004\101\004\117\000\040\000m\000R}{chapter.81}% 355
\BOOKMARK [1][-]{section.81.4}{\376\377\004\032\004\060\004\072\000\040\004\070\004\074\004\065\004\075\004\075\004\076\000\040\004\103\004\073\004\103\004\107\004\110\004\060\004\102\004\114\000\040\004\074\004\076\004\064\004\065\004\073\004\114}{chapter.81}% 356
\BOOKMARK [0][-]{chapter.82}{\376\377\000R\000e\000p\000r\000e\000s\000e\000n\000t\000a\000t\000i\000o\000n\000-\000s\000e\000p\000a\000r\000a\000t\000i\000o\000n\000\040\000d\000i\000a\000g\000n\000o\000s\000t\000i\000c\000\040\004\064\004\073\004\117\000\040\000d\000i\000a\000g\000o\000n\000a\000l\000\040\000c\000o\000n\000n\000e\000c\000t\000o\000r\000s}{}% 357
\BOOKMARK [1][-]{section.82.1}{\376\377\000C\000a\000s\000i\000m\000i\000r\000\040\000s\000e\000n\000s\000i\000t\000i\000v\000i\000t\000y\000\040\000t\000e\000s\000t}{chapter.82}% 358
\BOOKMARK [1][-]{section.82.2}{\376\377\004\022\004\075\004\065\004\110\004\075\004\070\004\071\000\040\004\072\004\060\004\075\004\064\004\070\004\064\004\060\004\102\000:\000\040\004\065\004\064\004\070\004\075\004\113\004\071\000\040\0001\000+\0001\0005\000\040\000b\000l\000o\000c\000k}{chapter.82}% 359
\BOOKMARK [0][-]{chapter.83}{\376\377\000R\000e\000s\000t\000r\000i\000c\000t\000e\000d\000\040\000P\000a\000t\000i\040\023\000S\000a\000l\000a\000m\000\040\000p\000o\000t\000e\000n\000t\000i\000a\000l\000:\000\040\000r\000e\000p\000r\000e\000s\000e\000n\000t\000a\000t\000i\000o\000n\000\040\000c\000o\000r\000r\000e\000c\000t\000i\000o\000n}{}% 360
\BOOKMARK [1][-]{section.83.1}{\376\377\004\037\004\076\004\107\004\065\004\074\004\103\000\040\000h\000i\000g\000h\000-\000s\000c\000a\000l\000e\000\040\000S\000i\000g\000m\000a\000-\000V\000E\000V\000\040\004\067\004\060\004\077\004\100\004\065\004\111\004\121\004\075}{chapter.83}% 361
\BOOKMARK [1][-]{section.83.2}{\376\377\000R\000e\000s\000t\000r\000i\000c\000t\000e\000d\000\040\000p\000o\000t\000e\000n\000t\000i\000a\000l\000\040\004\070\000\040\000H\000e\000s\000s\000i\000a\000n\000\040\000v\000e\000r\000d\000i\000c\000t}{chapter.83}% 362
\BOOKMARK [1][-]{section.83.3}{\376\377\000F\000e\000r\000m\000i\000o\000n\000-\000m\000a\000s\000s\000\040\000g\000a\000t\000e}{chapter.83}% 363
\BOOKMARK [1][-]{section.83.4}{\376\377\004\030\004\101\004\077\004\100\004\060\004\062\004\073\004\065\004\075\004\075\004\076\004\065\000\040\004\103\004\073\004\103\004\107\004\110\004\065\004\075\004\070\004\065\000\040\004\074\004\076\004\064\004\065\004\073\004\070}{chapter.83}% 364
\BOOKMARK [0][-]{chapter.84}{\376\377\000P\000a\000t\000i\040\023\000S\000a\000l\000a\000m\000\040\000l\000i\000t\000e\000r\000a\000t\000u\000r\000e\000\040\000r\000e\000-\000a\000u\000d\000i\000t\000\040\004\070\000\040\000s\000c\000e\000n\000a\000r\000i\000o\000\040\000l\000e\000d\000g\000e\000r}{}% 365
\BOOKMARK [1][-]{section.84.1}{\376\377\000G\000e\000n\000e\000r\000a\000l\000\040\000f\000u\000n\000d\000a\000m\000e\000n\000t\000a\000l\000\040\000b\000r\000a\000n\000c\000h}{chapter.84}% 366
\BOOKMARK [1][-]{section.84.2}{\376\377\000C\000o\000m\000p\000o\000s\000i\000t\000e\000\040\000b\000r\000a\000n\000c\000h\000\040\004\101\000\040\000f\000i\000r\000s\000t\000-\000o\000r\000d\000e\000r\000\040\000S\000M\000\040\000s\000u\000b\000a\000l\000g\000e\000b\000r\000a}{chapter.84}% 367
\BOOKMARK [1][-]{section.84.3}{\376\377\004\037\004\076\004\062\004\102\004\076\004\100\004\075\004\060\004\117\000\040\004\076\004\106\004\065\004\075\004\072\004\060\000\040\000r\000e\000a\000l\000\040\000s\000i\000n\000g\000l\000e\000t}{chapter.84}% 368
\BOOKMARK [1][-]{section.84.4}{\376\377\004\041\004\062\004\065\004\100\004\072\004\060\000\040\004\101\000\040\004\061\004\060\004\067\004\076\004\071\000\040\004\077\004\100\004\076\004\065\004\072\004\102\004\060}{chapter.84}% 369
\BOOKMARK [0][-]{chapter.85}{\376\377\004\057\004\062\004\075\004\113\004\071\000\040\000o\000n\000e\000-\000g\000e\000n\000e\000r\000a\000t\000i\000o\000n\000\040\000P\000a\000t\000i\040\023\000S\000a\000l\000a\000m\000\040\000f\000i\000n\000i\000t\000e\000\040\000D\000i\000r\000a\000c\000\040\000b\000l\000o\000c\000k}{}% 370
\BOOKMARK [1][-]{section.85.1}{\376\377\004\020\004\073\004\063\004\065\004\061\004\100\004\060\000\040\004\070\000\040\000H\000i\000l\000b\000e\000r\000t\000\040\000m\000o\000d\000u\000l\000e}{chapter.85}% 371
\BOOKMARK [1][-]{section.85.2}{\376\377\004\036\004\061\004\111\004\070\004\071\000\040\000o\000d\000d\000\040\000r\000e\000a\000l\000-\000c\000o\000m\000p\000a\000t\000i\000b\000l\000e\000\040\000o\000p\000e\000r\000a\000t\000o\000r}{chapter.85}% 372
\BOOKMARK [1][-]{section.85.3}{\376\377\000R\000e\000p\000r\000e\000s\000e\000n\000t\000a\000t\000i\000o\000n\000\040\000d\000e\000c\000o\000m\000p\000o\000s\000i\000t\000i\000o\000n\000\040\004\072\004\060\004\075\004\060\004\073\004\076\004\062}{chapter.85}% 373
\BOOKMARK [1][-]{section.85.4}{\376\377\000C\000o\000m\000p\000o\000s\000i\000t\000e\000\040\000f\000i\000r\000s\000t\000-\000o\000r\000d\000e\000r\000\040\000r\000e\000s\000t\000r\000i\000c\000t\000i\000o\000n}{chapter.85}% 374
\BOOKMARK [1][-]{section.85.5}{\376\377\004\047\004\102\004\076\000\040\004\065\004\111\004\121\000\040\004\075\004\065\000\040\004\064\004\076\004\072\004\060\004\067\004\060\004\075\004\076}{chapter.85}% 375
\BOOKMARK [0][-]{chapter.86}{\376\377\000E\000x\000a\000c\000t\000\040\000f\000i\000r\000s\000t\000-\000o\000r\000d\000e\000r\000\040\000k\000e\000r\000n\000e\000l\000:\000\040\000f\000u\000l\000l\000\040\000P\000a\000t\000i\040\023\000S\000a\000l\000a\000m\000\040\004\077\004\100\004\076\004\102\004\070\004\062\000\040\000S\000M\000\040\000s\000u\000b\000a\000l\000g\000e\000b\000r\000a}{}% 376
\BOOKMARK [1][-]{section.86.1}{\376\377\004\024\004\065\004\071\004\101\004\102\004\062\004\070\004\117\000\040\004\060\004\073\004\063\004\065\004\061\004\100}{chapter.86}% 377
\BOOKMARK [1][-]{section.86.2}{\376\377\004\034\004\065\004\102\004\076\004\064\000\040\004\077\004\076\004\073\004\075\004\076\004\063\004\076\000\040\000k\000e\000r\000n\000e\000l\000\040\000a\000u\000d\000i\000t}{chapter.86}% 378
\BOOKMARK [1][-]{section.86.3}{\376\377\000F\000u\000l\000l\000\040\000a\000l\000g\000e\000b\000r\000a\000\040\000r\000e\000s\000u\000l\000t}{chapter.86}% 379
\BOOKMARK [1][-]{section.86.4}{\376\377\000S\000M\000-\000s\000u\000b\000a\000l\000g\000e\000b\000r\000a\000\040\000r\000e\000s\000u\000l\000t}{chapter.86}% 380
\BOOKMARK [1][-]{section.86.5}{\376\377\000C\000o\000n\000v\000e\000n\000t\000i\000o\000n\000\040\000s\000c\000a\000n}{chapter.86}% 381
\BOOKMARK [1][-]{section.86.6}{\376\377\004\037\004\076\004\107\004\065\004\074\004\103\000\040\004\115\004\102\004\076\000\040\004\065\004\111\004\121\000\040\000c\000o\000n\000d\000i\000t\000i\000o\000n\000a\000l\000\040\000p\000a\000s\000s}{chapter.86}% 382
\BOOKMARK [0][-]{chapter.87}{\376\377\004\035\004\076\004\100\004\074\004\070\004\100\004\076\004\062\004\060\004\075\004\075\004\113\004\071\000\040\000g\000e\000n\000e\000r\000a\000l\000i\000z\000e\000d\000\040\000i\000n\000n\000e\000r\000\040\000f\000l\000u\000c\000t\000u\000a\000t\000i\000o\000n\000\040\004\070\000\040\000c\000o\000m\000p\000o\000s\000i\000t\000e\000\040\000P\000a\000t\000i\040\023\000S\000a\000l\000a\000m\000\040\000b\000r\000a\000n\000c\000h}{}% 383
\BOOKMARK [1][-]{section.87.1}{\376\377\004\024\004\076\004\077\004\103\004\101\004\102\004\070\004\074\004\113\004\065\000,\000\040\004\060\000\040\004\075\004\065\000\040\004\077\004\100\004\076\004\070\004\067\004\062\004\076\004\073\004\114\004\075\004\113\004\065\000\040\004\104\004\073\004\103\004\072\004\102\004\103\004\060\004\106\004\070\004\070}{chapter.87}% 384
\BOOKMARK [1][-]{section.87.2}{\376\377\004\026\004\121\004\101\004\102\004\072\004\070\004\071\000\040\000g\000a\000u\000g\000e\000-\000c\000o\000v\000a\000r\000i\000a\000n\000c\000e\000\040\000t\000e\000s\000t}{chapter.87}% 385
\BOOKMARK [1][-]{section.87.3}{\376\377\004\044\004\070\004\067\004\070\004\107\004\065\004\101\004\072\004\070\004\071\000\040\000f\000i\000n\000i\000t\000e\000\040\000s\000e\000e\000d}{chapter.87}% 386
\BOOKMARK [1][-]{section.87.4}{\376\377\004\024\004\062\004\060\000\040\000c\000o\000m\000p\000o\000s\000i\000t\000e\000\040\000i\000d\000e\000n\000t\000i\000t\000i\000e\000s}{chapter.87}% 387
\BOOKMARK [1][-]{section.87.5}{\376\377\004\047\004\102\004\076\000\040\004\076\004\067\004\075\004\060\004\107\004\060\004\116\004\102\000\040\004\061\004\076\004\073\004\114\004\110\004\070\004\065\000\040\000a\000m\000b\000i\000e\000n\000t\000\040\000r\000a\000n\000k\000s}{chapter.87}% 388
\BOOKMARK [1][-]{section.87.6}{\376\377\004\033\004\070\004\102\004\065\004\100\004\060\004\102\004\103\004\100\004\060\000\040\004\070\000\040\004\062\004\076\004\101\004\077\004\100\004\076\004\070\004\067\004\062\004\076\004\064\004\070\004\074\004\076\004\101\004\102\004\114}{chapter.87}% 389
\BOOKMARK [0][-]{chapter.88}{\376\377\000C\000o\000m\000p\000o\000s\000i\000t\000e\000\040\000P\000a\000t\000i\040\023\000S\000a\000l\000a\000m\000\040\000p\000o\000t\000e\000n\000t\000i\000a\000l\000:\000\040\000e\000x\000a\000c\000t\000\040\000r\000a\000n\000k\000-\000o\000n\000e\000\040\000H\000e\000s\000s\000i\000a\000n\000\040\000n\000o\000-\000g\000o}{}% 390
\BOOKMARK [1][-]{section.88.1}{\376\377\004\047\004\102\004\076\000\040\004\070\004\067\004\062\004\065\004\101\004\102\004\075\004\076\000\040\004\070\000\040\004\107\004\065\004\063\004\076\000\040\004\075\004\065\004\102\000\040\004\062\000\040\004\073\004\070\004\102\004\065\004\100\004\060\004\102\004\103\004\100\004\065}{chapter.88}% 391
\BOOKMARK [1][-]{section.88.2}{\376\377\000H\000i\000g\000h\000-\000s\000c\000a\000l\000e\000\040\000r\000e\000d\000u\000c\000t\000i\000o\000n}{chapter.88}% 392
\BOOKMARK [1][-]{section.88.3}{\376\377\000E\000x\000a\000c\000t\000\040\000p\000h\000y\000s\000i\000c\000a\000l\000\040\000h\000a\000l\000f\000-\000t\000r\000a\000c\000e\000s}{chapter.88}% 393
\BOOKMARK [1][-]{section.88.4}{\376\377\004\026\004\065\004\073\004\060\004\065\004\074\004\113\004\071\000\040\000r\000a\000n\000k\000-\000o\000n\000e\000\040\000s\000a\000d\000d\000l\000e}{chapter.88}% 394
\BOOKMARK [1][-]{section.88.5}{\376\377\004\035\004\065\004\066\004\065\004\073\004\060\004\102\004\065\004\073\004\114\004\075\004\113\004\071\000\040\000s\000t\000a\000t\000i\000o\000n\000a\000r\000y\000\040\000o\000r\000b\000i\000t}{chapter.88}% 395
\BOOKMARK [1][-]{section.88.6}{\376\377\004\037\004\076\004\107\004\065\004\074\004\103\000\040\000u\000n\000i\000v\000e\000r\000s\000a\000l\000\040\000s\000i\000n\000g\000l\000e\000t\000\040\004\101\004\075\004\076\004\062\004\060\000\040\004\075\004\065\000\040\004\077\004\076\004\074\004\076\004\063\004\060\004\065\004\102}{chapter.88}% 396
\BOOKMARK [1][-]{section.88.7}{\376\377\004\032\004\076\004\075\004\101\004\102\004\100\004\103\004\072\004\102\004\070\004\062\004\075\004\076\004\065\000\040\004\103\004\072\004\060\004\067\004\060\004\075\004\070\004\065\000\040\004\064\004\073\004\117\000\040\004\103\004\073\004\103\004\107\004\110\004\065\004\075\004\070\004\117}{chapter.88}% 397
\BOOKMARK [1][-]{section.88.8}{\376\377\004\033\004\070\004\102\004\065\004\100\004\060\004\102\004\103\004\100\004\060\000\040\004\070\000\040\004\062\004\076\004\101\004\077\004\100\004\076\004\070\004\067\004\062\004\076\004\064\004\070\004\074\004\076\004\101\004\102\004\114}{chapter.88}% 398
\BOOKMARK [0][-]{chapter.89}{\376\377\004\020\004\100\004\105\004\065\004\076\004\073\004\076\004\063\004\070\004\117\000\040\004\077\004\100\004\076\004\065\004\072\004\102\004\060\000:\000\040\000d\000o\000u\000b\000l\000e\000-\000p\000a\000t\000h\000\040\000w\000e\000d\000g\000e\000\040\000s\000e\000l\000e\000c\000t\000o\000r\000\040\004\064\004\073\004\117\000\040\000P\000a\000t\000i\040\023\000S\000a\000l\000a\000m\000\040\000v\000a\000c\000u\000u\000m}{}% 399
\BOOKMARK [1][-]{section.89.1}{\376\377\004\024\004\062\004\060\000\040\004\072\004\062\004\060\004\064\004\100\004\060\004\102\004\070\004\107\004\075\004\113\004\105\000\040\004\077\004\103\004\102\004\070}{chapter.89}% 400
\BOOKMARK [1][-]{section.89.2}{\376\377\000D\000e\000t\000e\000r\000m\000i\000n\000a\000n\000t\000\040\000i\000d\000e\000n\000t\000i\000t\000y}{chapter.89}% 401
\BOOKMARK [1][-]{section.89.3}{\376\377\004\037\004\076\004\107\004\065\004\074\004\103\000\040\000c\000o\000e\000f\000f\000i\000c\000i\000e\000n\000t\000\040\004\107\004\065\004\102\004\113\004\100\004\065\000\040\004\075\004\065\000\040\004\077\004\076\004\064\004\063\004\076\004\075\004\072\004\060}{chapter.89}% 402
\BOOKMARK [1][-]{section.89.4}{\376\377\004\035\004\065\004\067\004\060\004\062\004\070\004\101\004\070\004\074\004\060\004\117\000\040\000C\000a\000s\000i\000m\000i\000r\000-\004\077\004\100\004\076\004\062\004\065\004\100\004\072\004\060}{chapter.89}% 403
\BOOKMARK [1][-]{section.89.5}{\376\377\004\032\004\060\004\072\004\070\004\065\000\040\004\101\004\102\004\060\004\100\004\113\004\065\000\040\004\074\004\065\004\105\004\060\004\075\004\070\004\067\004\074\004\113\000\040\004\101\004\076\004\065\004\064\004\070\004\075\004\070\004\073\004\070\004\101\004\114}{chapter.89}% 404
\BOOKMARK [1][-]{section.89.6}{\376\377\004\047\004\102\004\076\000\040\004\065\004\111\004\121\000\040\004\075\004\065\000\040\004\064\004\076\004\072\004\060\004\067\004\060\004\075\004\076}{chapter.89}% 405
\BOOKMARK [0][-]{chapter.90}{\376\377\000W\000e\000d\000g\000e\000-\000c\000h\000a\000n\000n\000e\000l\000\040\000c\000o\000m\000p\000a\000t\000i\000b\000i\000l\000i\000t\000y\000:\000\040\000K\000O\0006\000,\000\040\000G\000o\000l\000d\000s\000t\000o\000n\000e\000s\000\040\004\070\000\040\000f\000e\000r\000m\000i\000o\000n\000\040\000r\000e\000a\000d\000o\000u\000t}{}% 406
\BOOKMARK [1][-]{section.90.1}{\376\377\004\037\004\100\004\076\004\062\004\065\004\100\004\117\004\065\004\074\004\113\004\065\000\040\004\103\004\101\004\073\004\076\004\062\004\070\004\117\000\040\004\101\004\076\004\062\004\074\004\065\004\101\004\102\004\070\004\074\004\076\004\101\004\102\004\070}{chapter.90}% 407
\BOOKMARK [1][-]{section.90.2}{\376\377\000K\000O\0006\000\040\000e\000m\000b\000e\000d\000d\000i\000n\000g}{chapter.90}% 408
\BOOKMARK [1][-]{section.90.3}{\376\377\004\042\004\076\004\107\004\075\004\113\004\071\000\040\000r\000a\000n\000k\000\040\000J\000a\000c\000o\000b\000i\000a\000n}{chapter.90}% 409
\BOOKMARK [1][-]{section.90.4}{\376\377\000G\000o\000l\000d\000s\000t\000o\000n\000e\000\040\004\070\000\040\000r\000a\000d\000i\000a\000l\000\040\000k\000e\000r\000n\000e\000l}{chapter.90}% 410
\BOOKMARK [1][-]{section.90.5}{\376\377\000F\000e\000r\000m\000i\000o\000n\000-\000m\000a\000s\000s\000\040\000s\000a\000f\000e\000t\000y}{chapter.90}% 411
\BOOKMARK [1][-]{section.90.6}{\376\377\004\047\004\102\004\076\000\040\004\064\004\060\004\073\004\114\004\110\004\065}{chapter.90}% 412
\BOOKMARK [0][-]{chapter.91}{\376\377\004\042\004\100\004\121\004\105\004\103\004\067\004\073\004\076\004\062\004\076\004\071\000\040\000p\000a\000r\000e\000n\000t\000\040\000g\000r\000a\000p\000h\000:\000\040\004\101\004\077\004\065\004\072\004\102\004\100\004\060\004\073\004\114\004\075\004\113\004\071\000\040\000r\000a\000n\000k\000\040\000s\000e\000l\000e\000c\000t\000o\000r\000\040\004\061\004\065\004\067\000\040\004\100\004\103\004\107\004\075\004\076\004\063\004\076\000\040\004\067\004\075\004\060\004\072\004\060}{}% 413
\BOOKMARK [1][-]{section.91.1}{\376\377\004\041\004\102\004\100\004\103\004\072\004\102\004\103\004\100\004\060\000\040\004\077\004\100\004\065\004\064\004\073\004\060\004\063\004\060\004\065\004\074\004\076\004\063\004\076\000\040\004\074\004\065\004\105\004\060\004\075\004\070\004\067\004\074\004\060}{chapter.91}% 414
\BOOKMARK [1][-]{section.91.2}{\376\377\004\024\004\062\004\060\000\040\004\104\004\103\004\075\004\064\004\060\004\074\004\065\004\075\004\102\004\060\004\073\004\114\004\075\004\113\004\105\000\040\004\100\004\065\004\061\004\100\004\060}{chapter.91}% 415
\BOOKMARK [1][-]{section.91.3}{\376\377\000R\000a\000w\000\040\000s\000p\000e\000c\000t\000r\000a\000l\000\040\000t\000r\000a\000c\000e\000s}{chapter.91}% 416
\BOOKMARK [1][-]{section.91.4}{\376\377\000V\000a\000c\000u\000u\000m\000\040\004\070\000\040\004\077\004\076\004\073\004\075\004\113\004\071\000\040\000H\000e\000s\000s\000i\000a\000n}{chapter.91}% 417
\BOOKMARK [1][-]{section.91.5}{\376\377\000K\000O\0006\000\040\004\070\000\040\000K\000r\000a\000j\000e\000w\000s\000k\000i\000-\004\077\004\100\004\076\004\062\004\065\004\100\004\072\004\060}{chapter.91}% 418
\BOOKMARK [1][-]{section.91.6}{\376\377\004\047\004\102\004\076\000\040\004\065\004\111\004\121\000\040\004\075\004\065\000\040\004\067\004\060\004\072\004\100\004\113\004\102\004\076}{chapter.91}% 419
\BOOKMARK [1][-]{section.91.7}{\376\377\004\033\004\070\004\102\004\065\004\100\004\060\004\102\004\103\004\100\004\060\000\040\004\070\000\040\004\062\004\076\004\101\004\077\004\100\004\076\004\070\004\067\004\062\004\076\004\064\004\070\004\074\004\076\004\101\004\102\004\114}{chapter.91}% 420
\BOOKMARK [0][-]{chapter.92}{\376\377\000A\000s\000s\000o\000c\000i\000a\000t\000i\000v\000e\000-\000n\000o\000d\000e\000\040\000n\000o\000-\000g\000o\000:\000\040\004\077\004\076\004\107\004\065\004\074\004\103\000\040\000c\000o\000l\000o\000r\000-\000s\000i\000x\000\040\004\075\004\065\000\040\004\117\004\062\004\073\004\117\004\065\004\102\004\101\004\117\000\040\000K\000r\000a\000j\000e\000w\000s\000k\000i\000\040\000n\000o\000d\000e}{}% 421
\BOOKMARK [1][-]{section.92.1}{\376\377\004\033\004\076\004\072\004\060\004\073\004\070\004\067\004\060\004\106\004\070\004\117\000\040\000o\000b\000s\000t\000r\000u\000c\000t\000i\000o\000n}{chapter.92}% 422
\BOOKMARK [1][-]{section.92.2}{\376\377\004\023\004\100\004\103\004\077\004\077\004\060\000\040\004\075\004\065\000\040\004\100\004\060\004\062\004\075\004\060\000\040\000a\000s\000s\000o\000c\000i\000a\000t\000i\000v\000e\000\040\000a\000l\000g\000e\000b\000r\000a}{chapter.92}% 423
\BOOKMARK [1][-]{section.92.3}{\376\377\000A\000r\000t\000i\000n\040\023\000W\000e\000d\000d\000e\000r\000b\000u\000r\000n\000\040\000m\000o\000d\000u\000l\000e\000\040\000o\000b\000s\000t\000r\000u\000c\000t\000i\000o\000n}{chapter.92}% 424
\BOOKMARK [1][-]{section.92.4}{\376\377\004\037\004\076\004\107\004\065\004\074\004\103\000\040\000w\000e\000d\000g\000e\000-\000m\000a\000p\000\040\004\062\004\101\004\121\000\040\004\100\004\060\004\062\004\075\004\076\000\040\004\075\004\065\000\040\004\101\004\073\004\103\004\107\004\060\004\071\004\075\004\060}{chapter.92}% 425
\BOOKMARK [1][-]{section.92.5}{\376\377\004\037\004\100\004\060\004\062\004\070\004\073\004\114\004\075\004\076\004\065\000\040\004\074\004\065\004\101\004\102\004\076\000\040\004\064\004\073\004\117\000\040\004\110\004\065\004\101\004\102\004\121\004\100\004\072\004\070}{chapter.92}% 426
\BOOKMARK [1][-]{section.92.6}{\376\377\004\033\004\070\004\102\004\065\004\100\004\060\004\102\004\103\004\100\004\060\000\040\004\070\000\040\004\062\004\076\004\101\004\077\004\100\004\076\004\070\004\067\004\062\004\076\004\064\004\070\004\074\004\076\004\101\004\102\004\114}{chapter.92}% 427
\BOOKMARK [0][-]{chapter.93}{\376\377\000T\000w\000o\000-\000f\000o\000r\000m\000/\000A\0002\000\040\000t\000r\000i\000l\000e\000m\000m\000a\000:\000\040\000p\000a\000r\000i\000t\000y\000,\000\040\000c\000r\000o\000s\000s\000e\000d\000\040\000p\000a\000t\000h\000\040\004\070\004\073\004\070\000\040\004\077\004\076\004\073\004\075\004\060\004\117\000\040\004\101\004\062\004\076\004\061\004\076\004\064\004\060}{}% 428
\BOOKMARK [1][-]{section.93.1}{\376\377\004\042\004\100\004\070\000\040\004\077\004\100\004\076\004\062\004\065\004\100\004\117\004\065\004\074\004\113\004\105\000\040\004\074\004\065\004\105\004\060\004\075\004\070\004\067\004\074\004\060}{chapter.93}% 429
\BOOKMARK [1][-]{section.93.2}{\376\377\000P\000a\000r\000i\000t\000y\000\040\000o\000r\000d\000i\000n\000a\000r\000y\000\040\000t\000w\000o\000-\000f\000o\000r\000m\000s}{chapter.93}% 430
\BOOKMARK [1][-]{section.93.3}{\376\377\000P\000h\000y\000s\000i\000c\000a\000l\000\040\000s\000e\000e\000d\000\040\004\070\000\040\000q\000u\000a\000d\000r\000a\000t\000i\000c\000\040\000A\000\050\0002\000\051}{chapter.93}% 431
\BOOKMARK [1][-]{section.93.4}{\376\377\004\036\004\061\004\111\004\070\004\071\000\040\000S\000M\000\040\000f\000i\000r\000s\000t\000-\000o\000r\000d\000e\000r\000\040\000s\000e\000e\000d}{chapter.93}% 432
\BOOKMARK [1][-]{section.93.5}{\376\377\004\042\004\076\004\107\004\075\004\060\004\117\000\040\004\102\004\100\004\070\004\073\004\065\004\074\004\074\004\060}{chapter.93}% 433
\BOOKMARK [1][-]{section.93.6}{\376\377\004\047\004\102\004\076\000\040\004\065\004\111\004\121\000\040\004\075\004\065\000\040\004\070\004\101\004\072\004\073\004\116\004\107\004\065\004\075\004\076}{chapter.93}% 434
\BOOKMARK [1][-]{section.93.7}{\376\377\004\033\004\070\004\102\004\065\004\100\004\060\004\102\004\103\004\100\004\060\000\040\004\070\000\040\004\062\004\076\004\101\004\077\004\100\004\076\004\070\004\067\004\062\004\076\004\064\004\070\004\074\004\076\004\101\004\102\004\114}{chapter.93}% 435
\BOOKMARK [0][-]{chapter.94}{\376\377\000P\000r\000o\000j\000e\000c\000t\000\040\000r\000e\000c\000o\000v\000e\000r\000y\000:\000\040\000p\000r\000o\000j\000e\000c\000t\000e\000d\000\040\000c\000u\000r\000v\000a\000t\000u\000r\000e\000\040\004\075\004\060\000\040\004\064\004\076\004\077\004\103\004\101\004\102\004\070\004\074\004\076\004\071\000\040\0004\000b\000a\000r\000-\000t\000o\000-\0002\000R\000-\000t\000o\000-\0004\000\040\000c\000h\000a\000i\000n}{}% 436
\BOOKMARK [1][-]{section.94.1}{\376\377\004\041\004\070\004\075\004\102\004\065\004\067\000\040\004\100\004\060\004\075\004\065\004\065\000\040\004\077\004\076\004\073\004\103\004\107\004\065\004\075\004\075\004\113\004\105\000\040\004\074\004\065\004\105\004\060\004\075\004\070\004\067\004\074\004\076\004\062}{chapter.94}% 437
\BOOKMARK [1][-]{section.94.2}{\376\377\004\024\004\076\004\077\004\103\004\101\004\102\004\070\004\074\004\060\004\117\000\040\004\102\004\100\004\121\004\105\004\103\004\067\004\073\004\076\004\062\004\060\004\117\000\040\000c\000h\000a\000i\000n}{chapter.94}% 438
\BOOKMARK [1][-]{section.94.3}{\376\377\004\037\004\076\004\107\004\065\004\074\004\103\000\040\000r\000a\000w\000\040\000t\000r\000a\000c\000e\000\040\004\101\004\075\004\076\004\062\004\060\000\040\004\075\004\065\004\064\004\076\004\101\004\102\004\060\004\102\004\076\004\107\004\065\004\075}{chapter.94}% 439
\BOOKMARK [1][-]{section.94.4}{\376\377\000E\000n\000d\000p\000o\000i\000n\000t\000\040\000c\000u\000r\000v\000a\000t\000u\000r\000e\000\040\000p\000r\000o\000j\000e\000c\000t\000o\000r}{chapter.94}% 440
\BOOKMARK [1][-]{section.94.5}{\376\377\000R\000o\000b\000u\000s\000t\000n\000e\000s\000s\000\040\000n\000o\000r\000m\000a\000l\000i\000z\000a\000t\000i\000o\000n}{chapter.94}% 441
\BOOKMARK [1][-]{section.94.6}{\376\377\004\047\004\102\004\076\000\040\004\070\004\074\004\065\004\075\004\075\004\076\000\040\004\062\004\076\004\101\004\101\004\102\004\060\004\075\004\076\004\062\004\073\004\065\004\075\004\076\000\040\004\070\004\067\000\040\004\077\004\100\004\076\004\065\004\072\004\102\004\060}{chapter.94}% 442
\BOOKMARK [1][-]{section.94.7}{\376\377\004\037\004\076\004\107\004\065\004\074\004\103\000\040\004\115\004\102\004\076\000\040\004\065\004\111\004\121\000\040\004\103\004\101\004\073\004\076\004\062\004\075\004\113\004\071\000\040\004\103\004\101\004\077\004\065\004\105}{chapter.94}% 443
\BOOKMARK [1][-]{section.94.8}{\376\377\004\037\004\076\004\101\004\073\004\065\004\064\004\103\004\116\004\111\004\070\004\071\000\040\000j\000u\000n\000k\000/\000m\000a\000p\000p\000i\000n\000g\000-\000c\000o\000n\000e\000\040\000a\000u\000d\000i\000t}{chapter.94}% 444
\BOOKMARK [1][-]{section.94.9}{\376\377\004\033\004\070\004\102\004\065\004\100\004\060\004\102\004\103\004\100\004\060\000\040\004\070\000\040\004\062\004\076\004\101\004\077\004\100\004\076\004\070\004\067\004\062\004\076\004\064\004\070\004\074\004\076\004\101\004\102\004\114}{chapter.94}% 445
\BOOKMARK [0][-]{chapter.95}{\376\377\000J\000u\000n\000k\000\040\000n\000o\000-\000g\000o\000\040\004\070\000\040\000c\000a\000n\000o\000n\000i\000c\000a\000l\000\040\000m\000a\000p\000p\000i\000n\000g\000-\000c\000o\000n\000e\000\040\000s\000e\000l\000e\000c\000t\000o\000r}{}% 446
\BOOKMARK [1][-]{section.95.1}{\376\377\004\041\004\062\004\076\004\064\004\072\004\060\000\040\004\100\004\065\004\067\004\103\004\073\004\114\004\102\004\060\004\102\004\076\004\062\000\040\000g\000a\000t\000e}{chapter.95}% 447
\BOOKMARK [1][-]{section.95.2}{\376\377\004\037\004\076\004\107\004\065\004\074\004\103\000\040\000c\000=\0001\000\040\004\072\004\060\004\075\004\076\004\075\004\070\004\107\004\075\004\076}{chapter.95}% 448
\BOOKMARK [1][-]{section.95.3}{\376\377\004\032\004\076\004\075\004\102\004\100\004\076\004\073\004\114\000\040\000s\000t\000a\000n\000d\000a\000r\000d\000\040\000j\000u\000n\000k\000\040\000q\000u\000o\000t\000i\000e\000n\000t}{chapter.95}% 449
\BOOKMARK [1][-]{section.95.4}{\376\377\004\032\004\060\004\075\004\076\004\075\004\070\004\107\004\065\004\101\004\072\004\060\004\117\000\040\004\072\004\076\004\076\004\100\004\064\004\070\004\075\004\060\004\102\004\060\000\040\004\102\004\100\004\121\004\105\004\103\004\067\004\073\004\076\004\062\004\076\004\063\004\076\000\040\004\063\004\100\004\060\004\104\004\060}{chapter.95}% 450
\BOOKMARK [1][-]{section.95.5}{\376\377\004\042\004\076\004\107\004\075\004\113\004\071\000\040\004\101\004\102\004\060\004\102\004\103\004\101\000\040\000p\000a\000r\000e\000n\000t\000\040\000a\000c\000t\000i\000o\000n}{chapter.95}% 451
\BOOKMARK [1][-]{section.95.6}{\376\377\004\033\004\070\004\102\004\065\004\100\004\060\004\102\004\103\004\100\004\060\000\040\004\070\000\040\004\062\004\076\004\101\004\077\004\100\004\076\004\070\004\067\004\062\004\076\004\064\004\070\004\074\004\076\004\101\004\102\004\114}{chapter.95}% 452
\BOOKMARK [1][-]{section.95.7}{\376\377\000R\000e\000l\000a\000t\000i\000v\000e\000\040\000q\000u\000o\000t\000i\000e\000n\000t\000\040\000a\000c\000t\000i\000o\000n}{chapter.95}% 453
\BOOKMARK [2][-]{subsection.95.7.1}{\376\377\000F\000i\000x\000e\000d\000-\000p\000o\000i\000n\000t\000\040\000a\000l\000g\000e\000b\000r\000a\000\040\004\070\000\040\000c\000o\000n\000d\000i\000t\000i\000o\000n\000a\000l\000\040\000e\000x\000p\000e\000c\000t\000a\000t\000i\000o\000n}{section.95.7}% 454
\BOOKMARK [2][-]{subsection.95.7.2}{\376\377\004\030\004\101\004\072\004\073\004\116\004\107\004\065\004\075\004\070\004\065\000\040\004\076\004\061\004\111\004\065\004\071\000\040\000a\000u\000x\000i\000l\000i\000a\000r\000y\000\040\000c\000u\000r\000v\000a\000t\000u\000r\000e}{section.95.7}% 455
\BOOKMARK [2][-]{subsection.95.7.3}{\376\377\004\041\004\076\004\062\004\077\004\060\004\064\004\065\004\075\004\070\004\065\000\040\004\101\000\040\000m\000a\000p\000p\000i\000n\000g\000-\000c\000o\000n\000e\000\040\000D\000i\000r\000i\000c\000h\000l\000e\000t\000\040\000f\000o\000r\000m}{section.95.7}% 456
\BOOKMARK [2][-]{subsection.95.7.4}{\376\377\000G\000a\000u\000g\000e\000\040\000c\000o\000v\000a\000r\000i\000a\000n\000c\000e\000\040\004\070\000\040\004\063\004\100\004\060\004\075\004\070\004\106\004\060\000\040\004\077\004\100\004\070\004\074\004\065\004\075\004\070\004\074\004\076\004\101\004\102\004\070}{section.95.7}% 457
\BOOKMARK [2][-]{subsection.95.7.5}{\376\377\000V\000a\000c\000u\000u\000m\000\040\000c\000o\000n\000s\000e\000q\000u\000e\000n\000c\000e\000\040\004\070\000\040\004\076\004\061\004\111\004\070\004\071\000\040\004\062\004\065\004\101}{section.95.7}% 458
\BOOKMARK [2][-]{subsection.95.7.6}{\376\377\004\033\004\070\004\102\004\065\004\100\004\060\004\102\004\103\004\100\004\060\000\040\004\070\000\040\004\062\004\076\004\101\004\077\004\100\004\076\004\070\004\067\004\062\004\076\004\064\004\070\004\074\004\076\004\101\004\102\004\114}{section.95.7}% 459
\BOOKMARK [1][-]{section.95.8}{\376\377\000B\000V\000\040\000a\000u\000x\000i\000l\000i\000a\000r\000y\000\040\000n\000o\000-\000g\000o\000\040\004\070\000\040\000m\000u\000l\000t\000i\000p\000l\000i\000c\000i\000t\000y\000\040\000f\000o\000r\000k}{chapter.95}% 460
\BOOKMARK [2][-]{subsection.95.8.1}{\376\377\000E\000x\000i\000s\000t\000i\000n\000g\000-\000m\000o\000d\000u\000l\000e\000\040\000e\000m\000b\000e\000d\000d\000i\000n\000g\000\040\000n\000o\000-\000g\000o}{section.95.8}% 461
\BOOKMARK [2][-]{subsection.95.8.2}{\376\377\000S\000t\000a\000n\000d\000a\000r\000d\000\040\000B\000V\000\040\000a\000u\000x\000i\000l\000i\000a\000r\000y\000\040\000n\000o\000-\000g\000o}{section.95.8}% 462
\BOOKMARK [2][-]{subsection.95.8.3}{\376\377\000P\000h\000y\000s\000i\000c\000a\000l\000\040\000v\000e\000c\000t\000o\000r\000l\000i\000k\000e\000\040\000b\000r\000a\000n\000c\000h}{section.95.8}% 463
\BOOKMARK [2][-]{subsection.95.8.4}{\376\377\000C\000l\000a\000s\000s\000i\000c\000a\000l\000\040\000m\000a\000p\000p\000i\000n\000g\000-\000c\000o\000n\000e\000\040\000b\000r\000a\000n\000c\000h}{section.95.8}% 464
\BOOKMARK [1][-]{section.95.9}{\376\377\000I\000r\000r\000e\000d\000u\000c\000i\000b\000l\000e\000\040\000r\000e\000l\000a\000t\000i\000v\000e\000\040\000c\000y\000c\000l\000e\000\040\004\070\000\040\004\062\004\113\004\062\004\076\004\064\000\040\000o\000n\000e\000-\000c\000o\000p\000y\000\040\000w\000e\000i\000g\000h\000t}{chapter.95}% 465
\BOOKMARK [2][-]{subsection.95.9.1}{\376\377\004\036\004\077\004\065\004\100\004\060\004\102\004\076\004\100\004\075\004\060\004\117\000\040\004\101\004\070\004\101\004\102\004\065\004\074\004\060\000\040\004\076\004\064\004\075\004\076\004\071\000\040\004\106\004\065\004\077\004\070}{section.95.9}% 466
\BOOKMARK [2][-]{subsection.95.9.2}{\376\377\004\032\004\100\004\060\004\102\004\075\004\076\004\101\004\102\004\114\000\040\004\076\004\064\004\070\004\075\004\060\004\072\004\076\004\062\004\113\004\105\000\040\000c\000o\000p\000i\000e\000s}{section.95.9}% 467
\BOOKMARK [2][-]{subsection.95.9.3}{\376\377\004\023\004\100\004\060\004\075\004\070\004\106\004\060\000\040\000t\000h\000e\000o\000r\000e\000m\000:\000\040\000n\000o\000n\000t\000r\000i\000v\000i\000a\000l\000\040\000c\000o\000p\000y\000\040\000d\000y\000n\000a\000m\000i\000c\000s}{section.95.9}% 468
\BOOKMARK [2][-]{subsection.95.9.4}{\376\377\004\037\004\076\004\073\004\075\004\113\004\071\000\040\000D\000e\000l\000t\000a\000+\000C\000\040\000H\000e\000s\000s\000i\000a\000n}{section.95.9}% 469
\BOOKMARK [2][-]{subsection.95.9.5}{\376\377\004\033\004\070\004\102\004\065\004\100\004\060\004\102\004\103\004\100\004\060\000\040\004\070\000\040\004\062\004\076\004\101\004\077\004\100\004\076\004\070\004\067\004\062\004\076\004\064\004\070\004\074\004\076\004\101\004\102\004\114}{section.95.9}% 470
\BOOKMARK [1][-]{section.95.10}{\376\377\000K\000O\0006\000\040\000c\000o\000m\000p\000l\000e\000t\000i\000o\000n\000\040\004\070\000\040\004\077\004\076\004\073\004\075\004\113\004\071\000\040\000p\000h\000i\000/\000S\000i\000g\000m\000a\0004\000\040\000H\000e\000s\000s\000i\000a\000n}{chapter.95}% 471
\BOOKMARK [2][-]{subsection.95.10.1}{\376\377\004\034\004\070\004\075\004\070\004\074\004\060\004\073\004\114\004\075\004\113\004\071\000\040\000K\000O\0006\000\040\000m\000a\000t\000r\000i\000x\000\040\000c\000o\000m\000p\000l\000e\000t\000i\000o\000n}{section.95.10}% 472
\BOOKMARK [2][-]{subsection.95.10.2}{\376\377\000F\000e\000r\000m\000i\000o\000n\000i\000c\000\040\000i\000n\000t\000e\000r\000p\000r\000e\000t\000a\000t\000i\000o\000n\000\040\000o\000b\000s\000t\000r\000u\000c\000t\000i\000o\000n}{section.95.10}% 473
\BOOKMARK [2][-]{subsection.95.10.3}{\376\377\000C\000o\000m\000p\000o\000s\000i\000t\000e\000\040\000o\000p\000e\000r\000a\000t\000o\000r\000\040\004\076\004\072\004\076\004\073\004\076\000\040\000r\000a\000n\000k\000-\000o\000n\000e\000\040\000b\000a\000c\000k\000g\000r\000o\000u\000n\000d}{section.95.10}% 474
\BOOKMARK [2][-]{subsection.95.10.4}{\376\377\004\036\004\061\004\111\004\070\004\071\000\040\000q\000u\000a\000d\000r\000a\000t\000i\000c\000\040\000f\000o\000r\000m\000\040\000Y\000u\000k\000a\000w\000a\000\040\000d\000i\000r\000e\000c\000t\000i\000o\000n}{section.95.10}% 475
\BOOKMARK [2][-]{subsection.95.10.5}{\376\377\000F\000l\000a\000t\000\040\000a\000d\000j\000o\000i\000n\000t\000\040\004\070\000\040\004\077\004\076\004\073\004\075\004\113\004\071\000\040\000m\000i\000x\000e\000d\000\040\000l\000e\000d\000g\000e\000r}{section.95.10}% 476
\BOOKMARK [2][-]{subsection.95.10.6}{\376\377\004\041\004\073\004\065\004\064\004\103\004\116\004\111\004\070\004\071\000\040\004\064\004\076\004\077\004\103\004\101\004\102\004\070\004\074\004\113\004\071\000\040\000r\000o\000u\000t\000e}{section.95.10}% 477
\BOOKMARK [2][-]{subsection.95.10.7}{\376\377\004\033\004\070\004\102\004\065\004\100\004\060\004\102\004\103\004\100\004\060\000\040\004\070\000\040\004\062\004\076\004\101\004\077\004\100\004\076\004\070\004\067\004\062\004\076\004\064\004\070\004\074\004\076\004\101\004\102\004\114}{section.95.10}% 478
\BOOKMARK [1][-]{section.95.11}{\376\377\004\037\004\076\004\100\004\076\004\063\000\040\000c\000o\000n\000n\000e\000c\000t\000e\000d\000\040\000c\000o\000n\000n\000e\000c\000t\000o\000r\000\040\004\070\000\040\000t\000w\000i\000s\000t\000e\000d\000\040\000s\000c\000a\000l\000a\000r\040\023\000v\000e\000c\000t\000o\000r\000\040\000t\000a\000r\000g\000e\000t}{chapter.95}% 479
\BOOKMARK [2][-]{subsection.95.11.1}{\376\377\000C\000o\000n\000n\000e\000c\000t\000e\000d\000\040\000s\000c\000a\000l\000a\000r\000\040\000c\000h\000a\000n\000n\000e\000l}{section.95.11}% 480
\BOOKMARK [2][-]{subsection.95.11.2}{\376\377\004\037\004\076\004\107\004\065\004\074\004\103\000\040\004\076\004\064\004\075\004\076\004\063\004\076\000\040\000s\000c\000a\000l\000a\000r\000\040\000c\000h\000a\000n\000n\000e\000l\000\040\004\075\004\065\004\064\004\076\004\101\004\102\004\060\004\102\004\076\004\107\004\075\004\076}{section.95.11}% 481
\BOOKMARK [2][-]{subsection.95.11.3}{\376\377\004\033\004\070\004\102\004\065\004\100\004\060\004\102\004\103\004\100\004\075\004\060\004\117\000\040\004\067\004\060\004\106\004\065\004\077\004\072\004\060\000\040\004\070\000\040\004\064\004\076\004\077\004\103\004\101\004\102\004\070\004\074\004\060\004\117\000\040\004\060\004\100\004\105\004\070\004\102\004\065\004\072\004\102\004\103\004\100\004\060}{section.95.11}% 482
\BOOKMARK [2][-]{subsection.95.11.4}{\376\377\004\041\004\073\004\065\004\064\004\103\004\116\004\111\004\070\004\071\000\040\004\100\004\065\004\110\004\060\004\116\004\111\004\070\004\071\000\040\000g\000a\000t\000e}{section.95.11}% 483
\BOOKMARK [1][-]{section.95.12}{\376\377\000P\000r\000o\000j\000e\000c\000t\000-\000w\000i\000d\000e\000\040\000r\000e\000s\000c\000u\000e\000\040\000a\000r\000c\000h\000a\000e\000o\000l\000o\000g\000y\000\040\004\070\000\040\000c\000o\000m\000m\000o\000n\000-\000s\000c\000a\000l\000e\000\040\000n\000o\000-\000g\000o}{chapter.95}% 484
\BOOKMARK [2][-]{subsection.95.12.1}{\376\377\004\036\004\061\004\111\004\070\004\071\000\040\000a\0002\000/\000a\0004\000\040\000s\000c\000a\000l\000e\000\040\004\075\004\065\000\040\004\074\004\065\004\075\004\117\004\065\004\102\000\040\004\067\004\075\004\060\004\072}{section.95.12}% 485
\BOOKMARK [2][-]{subsection.95.12.2}{\376\377\004\037\004\076\004\107\004\065\004\074\004\103\000\040\000t\000w\000i\000s\000t\000e\000d\000\040\000g\000r\000a\000n\000d\000-\000s\000y\000m\000m\000e\000t\000r\000y\000\040\004\075\004\065\000\040\004\117\004\062\004\073\004\117\004\065\004\102\004\101\004\117\000\040\004\075\004\103\004\066\004\075\004\113\004\074\000\040\000a\000d\000j\000o\000i\000n\000t}{section.95.12}% 486
\BOOKMARK [2][-]{subsection.95.12.3}{\376\377\004\047\004\102\004\076\000\040\004\064\004\065\004\071\004\101\004\102\004\062\004\070\004\102\004\065\004\073\004\114\004\075\004\076\000\040\004\077\004\065\004\100\004\065\004\070\004\101\004\077\004\076\004\073\004\114\004\067\004\103\004\065\004\102\004\101\004\117\000\040\004\070\004\067\000\040\004\077\004\100\004\076\004\065\004\072\004\102\004\060}{section.95.12}% 487
\BOOKMARK [2][-]{subsection.95.12.4}{\376\377\004\033\004\070\004\102\004\065\004\100\004\060\004\102\004\103\004\100\004\075\004\113\004\071\000\040\004\064\004\070\004\060\004\063\004\075\004\076\004\067\000\040\004\075\004\065\004\064\004\076\004\101\004\102\004\060\004\116\004\111\004\070\004\105\000\040\000i\000n\000v\000a\000r\000i\000a\000n\000t\000s}{section.95.12}% 488
\BOOKMARK [2][-]{subsection.95.12.5}{\376\377\004\041\004\073\004\065\004\064\004\103\004\116\004\111\004\070\004\071\000\040\004\062\004\113\004\107\004\070\004\101\004\073\004\070\004\074\004\113\004\071\000\040\000g\000a\000t\000e}{section.95.12}% 489
\BOOKMARK [1][-]{section.95.13}{\376\377\000C\000a\000n\000o\000n\000i\000c\000a\000l\000\040\000t\000e\000n\000s\000o\000r\000-\000p\000r\000o\000d\000u\000c\000t\000\040\000c\000o\000e\000f\000f\000i\000c\000i\000e\000n\000t\000\040\004\070\000\040\000t\000h\000r\000e\000s\000h\000o\000l\000d\000\040\000s\000a\000t\000u\000r\000a\000t\000i\000o\000n}{chapter.95}% 490
\BOOKMARK [2][-]{subsection.95.13.1}{\376\377\004\032\004\060\004\075\004\076\004\075\004\070\004\107\004\065\004\101\004\072\004\070\004\071\000\040\000g\000r\000a\000d\000e\000d\000\040\000p\000r\000o\000d\000u\000c\000t}{section.95.13}% 491
\BOOKMARK [2][-]{subsection.95.13.2}{\376\377\004\041\004\100\004\060\004\062\004\075\004\065\004\075\004\070\004\065\000\040\004\101\000\040\004\102\004\076\004\107\004\075\004\113\004\074\000\040\000v\000a\000c\000u\000u\000m\000\040\000t\000h\000r\000e\000s\000h\000o\000l\000d}{section.95.13}% 492
\BOOKMARK [2][-]{subsection.95.13.3}{\376\377\004\037\004\076\004\107\004\065\004\074\004\103\000\040\000m\000u\000l\000t\000i\000p\000l\000i\000c\000i\000t\000y\000\040\004\075\004\065\000\040\004\117\004\062\004\073\004\117\004\065\004\102\004\101\004\117\000\040\004\070\004\101\004\077\004\100\004\060\004\062\004\073\004\065\004\075\004\070\004\065\004\074}{section.95.13}% 493
\BOOKMARK [2][-]{subsection.95.13.4}{\376\377\004\036\004\101\004\102\004\060\004\062\004\110\004\060\004\117\004\101\004\117\000\040\004\100\004\060\004\067\004\062\004\070\004\073\004\072\004\060}{section.95.13}% 494
\BOOKMARK [1][-]{section.95.14}{\376\377\000H\000i\000g\000h\000e\000r\000-\000m\000o\000m\000e\000n\000t\000\040\000s\000t\000a\000t\000i\000o\000n\000a\000r\000i\000t\000y\000\040\000s\000a\000t\000u\000r\000a\000t\000i\000o\000n\000\040\000n\000o\000-\000g\000o}{chapter.95}% 495
\BOOKMARK [1][-]{section.95.15}{\376\377\000R\000a\000n\000k\000-\000o\000n\000e\000\040\000c\000o\000n\000n\000e\000c\000t\000e\000d\000\040\000c\000u\000r\000v\000a\000t\000u\000r\000e\000\040\000n\000o\000-\000g\000o\000\040\004\070\000\040\004\067\004\060\004\072\004\100\004\113\004\102\004\070\004\065\000\040\000c\000u\000r\000r\000e\000n\000t\000\040\000g\000e\000o\000m\000e\000t\000r\000y}{chapter.95}% 496
\BOOKMARK [2][-]{subsection.95.15.1}{\376\377\004\037\004\076\004\073\004\075\004\060\004\117\000\040\000c\000o\000n\000n\000e\000c\000t\000e\000d\000\040\000b\000a\000s\000i\000s\000\040\004\064\004\073\004\117\000\040\000a\000d\000j\000o\000i\000n\000t\000\040\000d\000i\000r\000e\000c\000t\000i\000o\000n}{section.95.15}% 497
\BOOKMARK [2][-]{subsection.95.15.2}{\376\377\000P\000r\000o\000j\000e\000c\000t\000o\000r\000-\000r\000a\000n\000k\000\040\000l\000e\000d\000g\000e\000r}{section.95.15}% 498
\BOOKMARK [2][-]{subsection.95.15.3}{\376\377\000P\000h\000i\000\040\000c\000h\000a\000n\000n\000e\000l}{section.95.15}% 499
\BOOKMARK [2][-]{subsection.95.15.4}{\376\377\004\043\004\101\004\073\004\076\004\062\004\070\004\065\000\040\004\077\004\065\004\100\004\065\004\076\004\102\004\072\004\100\004\113\004\102\004\070\004\117}{section.95.15}% 500
\BOOKMARK [1][-]{section.95.16}{\376\377\000R\000o\000t\000a\000t\000i\000o\000n\000\040\000a\000u\000d\000i\000t\000\040\004\101\004\102\004\060\004\100\004\113\004\105\000\040\004\076\004\102\004\072\004\100\004\113\004\102\004\113\004\105\000\040\004\077\004\100\004\076\004\061\004\073\004\065\004\074}{chapter.95}% 501
\BOOKMARK [2][-]{subsection.95.16.1}{\376\377\000F\000u\000l\000l\000-\000f\000i\000e\000l\000d\000\040\000c\000a\000r\000r\000i\000e\000r\000:\000\040\004\100\004\065\004\060\004\073\004\114\004\075\004\060\004\117\000,\000\040\004\075\004\076\000\040\004\077\004\076\004\072\004\060\000\040\004\067\004\060\004\061\004\073\004\076\004\072\004\070\004\100\004\076\004\062\004\060\004\075\004\075\004\060\004\117\000\040\004\067\004\060\004\064\004\060\004\107\004\060}{section.95.16}% 502
\BOOKMARK [2][-]{subsection.95.16.2}{\376\377\000F\000a\000m\000i\000l\000y\000\040\000b\000r\000a\000n\000c\000h\000:\000\040\000e\000x\000i\000s\000t\000e\000n\000c\000e\000\040\004\103\004\066\004\065\000\040\004\064\004\076\004\072\004\060\004\067\004\060\004\075\004\076\000,\000\040\000s\000e\000l\000e\000c\000t\000i\000o\000n\000\040\004\076\004\102\004\101\004\103\004\102\004\101\004\102\004\062\004\103\004\065\004\102}{section.95.16}% 503
\BOOKMARK [2][-]{subsection.95.16.3}{\376\377\004\035\004\076\004\062\004\060\004\117\000\040\004\077\004\065\004\100\004\065\004\072\004\100\004\121\004\101\004\102\004\075\004\060\004\117\000\040\004\077\004\100\004\076\004\062\004\065\004\100\004\072\004\060\000\040\004\101\000\040\000d\000e\000f\000e\000c\000t\000\040\000W\000i\000l\000s\000o\000n\000\040\000c\000o\000n\000n\000e\000c\000t\000i\000o\000n}{section.95.16}% 504
\BOOKMARK [2][-]{subsection.95.16.4}{\376\377\004\037\004\100\004\076\004\062\004\065\004\100\004\072\004\060\000\040\004\101\004\076\004\062\004\077\004\060\004\064\004\065\004\075\004\070\004\117\000\040\004\076\004\101\004\065\004\071}{section.95.16}% 505
\BOOKMARK [2][-]{subsection.95.16.5}{\376\377\004\037\004\100\004\070\004\076\004\100\004\070\004\102\004\065\004\102\000\040\004\077\004\076\004\101\004\073\004\065\000\040\000r\000o\000t\000a\000t\000i\000o\000n\000\040\000a\000u\000d\000i\000t}{section.95.16}% 506
\BOOKMARK [0][-]{chapter.96}{\376\377\000V\000o\000r\000t\000e\000x\000-\000o\000r\000i\000e\000n\000t\000e\000d\000\040\000S\0004\000\040\000t\000h\000r\000e\000e\000-\000c\000y\000c\000l\000e\000\040\000l\000o\000c\000k}{}% 507
\BOOKMARK [1][-]{section.96.1}{\376\377\004\032\004\103\004\061\004\070\004\107\004\065\004\101\004\072\004\070\004\071\000\040\004\070\004\075\004\062\004\060\004\100\004\070\004\060\004\075\004\102\000\040\004\101\004\102\004\060\004\075\004\064\004\060\004\100\004\102\004\075\004\076\004\063\004\076\000\040\000t\000r\000i\000p\000l\000e\000t}{chapter.96}% 508
\BOOKMARK [1][-]{section.96.2}{\376\377\004\043\004\063\004\076\004\073\000\040\004\070\004\067\000\040\004\105\004\060\004\100\004\060\004\072\004\102\004\065\004\100\004\060\000,\000\040\004\060\000\040\004\075\004\065\000\040\004\070\004\067\000\040\004\077\004\100\004\065\004\066\004\075\004\065\004\063\004\076\000\040\000W\000i\000l\000s\000o\000n\000\040\000f\000u\000n\000c\000t\000i\000o\000n\000a\000l}{chapter.96}% 509
\BOOKMARK [1][-]{section.96.3}{\376\377\004\041\004\076\004\062\004\074\004\065\004\101\004\102\004\075\004\113\004\071\000\040\004\075\004\065\004\076\004\102\004\100\004\070\004\106\004\060\004\102\004\065\004\073\004\114\004\075\004\113\004\071\000\040\000f\000u\000n\000c\000t\000i\000o\000n\000a\000l}{chapter.96}% 510
\BOOKMARK [1][-]{section.96.4}{\376\377\000H\000e\000s\000s\000i\000a\000n\000\040\004\070\000\040\000M\000a\000j\000o\000r\000a\000n\000a\000\040\000k\000e\000r\000n\000e\000l}{chapter.96}% 511
\BOOKMARK [1][-]{section.96.5}{\376\377\004\041\004\062\004\065\004\100\004\072\004\060\000\040\004\101\000\040\004\073\004\070\004\102\004\065\004\100\004\060\004\102\004\103\004\100\004\075\004\076\004\071\000\040\004\060\004\100\004\105\004\070\004\102\004\065\004\072\004\102\004\103\004\100\004\076\004\071}{chapter.96}% 512
\BOOKMARK [1][-]{section.96.6}{\376\377\004\047\004\102\004\076\000\040\004\077\004\100\004\076\004\110\004\073\004\076\000\040\004\070\000\040\004\107\004\102\004\076\000\040\004\076\004\101\004\102\004\060\004\073\004\076\004\101\004\114}{chapter.96}% 513
\BOOKMARK [0][-]{chapter.97}{\376\377\000F\000a\000m\000i\000l\000y\040\023\000d\000e\000f\000e\000c\000t\000\040\000p\000r\000o\000j\000e\000c\000t\000o\000r\000\040\000s\000u\000p\000e\000r\000c\000u\000r\000v\000a\000t\000u\000r\000e\000\040\000f\000a\000c\000t\000o\000r\000i\000z\000a\000t\000i\000o\000n}{}% 514
\BOOKMARK [1][-]{section.97.1}{\376\377\004\037\004\065\004\100\004\065\004\077\004\060\004\100\004\060\004\074\004\065\004\102\004\100\004\070\004\067\004\060\004\106\004\070\004\117\000\040\000w\000i\000n\000d\000i\000n\000g\000\040\000b\000r\000a\000n\000c\000h}{chapter.97}% 515
\BOOKMARK [1][-]{section.97.2}{\376\377\004\036\004\064\004\075\004\060\000\040\000s\000h\000i\000f\000t\000e\000d\000-\000s\000q\000u\000a\000r\000e\000\040\000c\000u\000r\000v\000a\000t\000u\000r\000e}{chapter.97}% 516
\BOOKMARK [1][-]{section.97.3}{\376\377\004\036\004\102\000\040\000p\000r\000o\000j\000e\000c\000t\000o\000r\000\040\004\072\000\040\000o\000r\000i\000e\000n\000t\000e\000d\000\040\000t\000h\000r\000e\000e\000-\000c\000y\000c\000l\000e}{chapter.97}% 517
\BOOKMARK [1][-]{section.97.4}{\376\377\004\041\004\102\004\060\004\102\004\103\004\101\000\040\000p\000a\000r\000e\000n\000t\000\040\000a\000c\000t\000i\000o\000n}{chapter.97}% 518
\BOOKMARK [0][-]{chapter.98}{\376\377\000F\000a\000m\000i\000l\000y\040\023\000d\000e\000f\000e\000c\000t\000\040\000f\000l\000a\000t\000-\000h\000o\000l\000o\000n\000o\000m\000y\000\040\000r\000e\000a\000l\000i\000z\000a\000t\000i\000o\000n\000\040\000g\000a\000t\000e}{}% 519
\BOOKMARK [1][-]{section.98.1}{\376\377\004\032\004\060\004\075\004\076\004\075\004\070\004\107\004\065\004\101\004\072\004\070\004\071\000\040\000o\000r\000i\000e\000n\000t\000a\000t\000i\000o\000n\000\040\000g\000e\000n\000e\000r\000a\000t\000o\000r}{chapter.98}% 520
\BOOKMARK [1][-]{section.98.2}{\376\377\000F\000l\000a\000t\000\040\000c\000o\000n\000n\000e\000c\000t\000i\000o\000n\000\040\004\070\000\040\004\102\004\076\004\107\004\075\004\060\004\117\000\040\000h\000o\000l\000o\000n\000o\000m\000y}{chapter.98}% 521
\BOOKMARK [1][-]{section.98.3}{\376\377\000T\000w\000i\000s\000t\000e\000d\000\040\000c\000o\000v\000a\000r\000i\000a\000n\000c\000e}{chapter.98}% 522
\BOOKMARK [1][-]{section.98.4}{\376\377\004\036\004\064\004\070\004\075\000\040\000c\000o\000n\000s\000t\000r\000a\000i\000n\000e\000d\000\040\000s\000u\000p\000e\000r\000c\000o\000n\000n\000e\000c\000t\000i\000o\000n\000\040\000s\000a\000d\000d\000l\000e}{chapter.98}% 523
\BOOKMARK [1][-]{section.98.5}{\376\377\000C\000o\000n\000s\000t\000i\000t\000u\000t\000i\000v\000e\000-\000a\000c\000t\000i\000o\000n\000\040\000c\000r\000i\000t\000e\000r\000i\000o\000n}{chapter.98}% 524
\BOOKMARK [0][-]{chapter.99}{\376\377\000F\000a\000m\000i\000l\000y\040\023\000d\000e\000f\000e\000c\000t\000\040\000c\000u\000b\000i\000c\000-\000r\000o\000o\000t\000\040\000v\000a\000r\000i\000a\000t\000i\000o\000n\000a\000l\000\040\000a\000c\000t\000i\000o\000n\000\040\000g\000a\000t\000e}{}% 525
\BOOKMARK [1][-]{section.99.1}{\376\377\000C\000u\000b\000i\000c\000-\000r\000o\000o\000t\000\040\000f\000r\000a\000m\000e\000\040\004\075\004\060\004\064\000\040\000w\000i\000n\000d\000i\000n\000g\000\040\000s\000e\000c\000t\000o\000r}{chapter.99}% 526
\BOOKMARK [1][-]{section.99.2}{\376\377\004\025\004\064\004\070\004\075\004\113\004\071\000\040\004\077\004\076\004\073\004\076\004\066\004\070\004\102\004\065\004\073\004\114\004\075\004\113\004\071\000\040\000a\000c\000t\000i\000o\000n}{chapter.99}% 527
\BOOKMARK [1][-]{section.99.3}{\376\377\000H\000o\000l\000o\000n\000o\000m\000y\000,\000\040\000p\000r\000o\000f\000i\000l\000e\000\040\000i\000n\000d\000e\000p\000e\000n\000d\000e\000n\000c\000e\000\040\004\070\000\040\000H\000e\000s\000s\000i\000a\000n}{chapter.99}% 528
\BOOKMARK [1][-]{section.99.4}{\376\377\004\042\004\076\004\107\004\075\004\113\004\071\000\040\004\101\004\102\004\060\004\102\004\103\004\101\000\040\004\070\000\040\004\076\004\101\004\102\004\060\004\062\004\110\004\070\004\071\004\101\004\117\000\040\000p\000a\000r\000e\000n\000t\000\040\000g\000a\000p}{chapter.99}% 529
\BOOKMARK [0][-]{chapter.100}{\376\377\000T\000e\000t\000r\000a\000h\000e\000d\000r\000a\000l\000\040\000r\000e\000s\000i\000d\000u\000a\000l\000-\000b\000u\000n\000d\000l\000e\000\040\000o\000r\000i\000g\000i\000n\000\040\000g\000a\000t\000e}{}% 530
\BOOKMARK [1][-]{section.100.1}{\376\377\004\032\004\060\004\075\004\076\004\075\004\070\004\107\004\065\004\101\004\072\004\070\004\071\000\040\000s\000p\000i\000n\000-\000t\000h\000r\000e\000e\000\040\000t\000e\000t\000r\000a\000h\000e\000d\000r\000a\000l\000\040\000t\000e\000n\000s\000o\000r}{chapter.100}% 531
\BOOKMARK [1][-]{section.100.2}{\376\377\000P\000r\000o\000j\000e\000c\000t\000o\000r\000\040\004\076\004\101\004\102\004\060\004\062\004\073\004\117\004\065\004\102\000\040\004\100\004\076\004\062\004\075\004\076\000\040\000Z\0003}{chapter.100}% 532
\BOOKMARK [1][-]{section.100.3}{\376\377\004\037\004\076\004\107\004\065\004\074\004\103\000\040\000c\000h\000a\000r\000g\000e\000-\000t\000w\000o\000\040\000B\000-\000L\000\040\004\075\004\065\004\064\004\076\004\101\004\102\004\060\004\102\004\076\004\107\004\075\004\076}{chapter.100}% 533
\BOOKMARK [1][-]{section.100.4}{\376\377\000G\000a\000u\000g\000e\000/\000g\000l\000o\000b\000a\000l\000\040\000f\000o\000r\000k}{chapter.100}% 534
\BOOKMARK [1][-]{section.100.5}{\376\377\004\036\004\061\004\075\004\076\004\062\004\073\004\121\004\075\004\075\004\113\004\071\000\040\000d\000e\000c\000i\000s\000i\000v\000e\000\040\000g\000a\000t\000e}{chapter.100}% 535
\BOOKMARK [0][-]{chapter.101}{\376\377\000G\000a\000u\000g\000e\040\023\000f\000a\000m\000i\000l\000y\000\040\000d\000i\000a\000g\000o\000n\000a\000l\000-\000l\000o\000c\000k\000i\000n\000g\000\040\000p\000a\000r\000e\000n\000t\000\040\000g\000a\000t\000e}{}% 536
\BOOKMARK [1][-]{section.101.1}{\376\377\000R\000e\000a\000l\000\040\000b\000i\000f\000u\000n\000d\000a\000m\000e\000n\000t\000a\000l\000\040\000l\000o\000c\000k\000i\000n\000g\000\040\000f\000i\000e\000l\000d}{chapter.101}% 537
\BOOKMARK [1][-]{section.101.2}{\376\377\000T\000e\000t\000r\000a\000h\000e\000d\000r\000a\000l\000\040\000r\000e\000d\000u\000c\000t\000i\000o\000n\000\040\004\077\004\076\004\101\004\073\004\065\000\040\000l\000o\000c\000k\000i\000n\000g}{chapter.101}% 538
\BOOKMARK [1][-]{section.101.3}{\376\377\004\037\004\100\004\076\004\062\004\065\004\100\004\072\004\060\000\040\000p\000a\000i\000r\000i\000n\000g\000\040\000c\000o\000n\000d\000e\000n\000s\000a\000t\000e}{chapter.101}% 539
\BOOKMARK [1][-]{section.101.4}{\376\377\000C\000o\000e\000f\000f\000i\000c\000i\000e\000n\000t\000-\000f\000r\000e\000e\000\040\000m\000o\000m\000e\000n\000t\000-\000m\000a\000p\000\040\000c\000a\000n\000d\000i\000d\000a\000t\000e}{chapter.101}% 540
\BOOKMARK [1][-]{section.101.5}{\376\377\004\037\004\076\004\107\004\065\004\074\004\103\000\040\000l\000i\000t\000e\000r\000a\000l\000\040\000S\000U\000\050\0003\000\051\000\040\000C\000F\000L\000\040\004\075\004\065\000\040\004\062\004\113\004\061\004\100\004\060\004\075}{chapter.101}% 541
\BOOKMARK [1][-]{section.101.6}{\376\377\004\036\004\061\004\075\004\076\004\062\004\073\004\121\004\075\004\075\004\113\004\071\000\040\000d\000e\000c\000i\000s\000i\000v\000e\000\040\000g\000a\000t\000e}{chapter.101}% 542
\BOOKMARK [0][-]{chapter.102}{\376\377\000F\000a\000m\000i\000l\000y\040\023\000d\000e\000f\000e\000c\000t\000\040\000q\000u\000i\000v\000e\000r\000\040\000m\000o\000m\000e\000n\000t\000-\000m\000a\000p\000\040\000g\000a\000t\000e}{}% 543
\BOOKMARK [1][-]{section.102.1}{\376\377\000F\000r\000o\000z\000e\000n\040\023\000g\000a\000u\000g\000e\000d\040\023\000f\000r\000o\000z\000e\000n\000\040\000c\000h\000a\000i\000n}{chapter.102}% 544
\BOOKMARK [1][-]{section.102.2}{\376\377\000M\000i\000d\000d\000l\000e\000-\000n\000o\000d\000e\000\040\000m\000o\000m\000e\000n\000t\000\040\000m\000a\000p}{chapter.102}% 545
\BOOKMARK [1][-]{section.102.3}{\376\377\004\042\004\076\004\107\004\075\004\060\004\117\000\040\000c\000o\000e\000f\000f\000i\000c\000i\000e\000n\000t\000\040\000i\000d\000e\000n\000t\000i\000t\000y}{chapter.102}% 546
\BOOKMARK [1][-]{section.102.4}{\376\377\000V\000a\000c\000u\000u\000m\000\040\000H\000e\000s\000s\000i\000a\000n}{chapter.102}% 547
\BOOKMARK [1][-]{section.102.5}{\376\377\000U\000n\000i\000t\000-\000m\000o\000m\000e\000n\000t\000u\000m\000\040\000d\000e\000f\000e\000c\000t\000\040\000t\000e\000s\000t}{chapter.102}% 548
\BOOKMARK [1][-]{section.102.6}{\376\377\004\023\004\100\004\060\004\075\004\070\004\106\004\060\000\040\004\100\004\065\004\067\004\103\004\073\004\114\004\102\004\060\004\102\004\060}{chapter.102}% 549
\BOOKMARK [0][-]{chapter.103}{\376\377\000F\000a\000m\000i\000l\000y\040\023\000d\000e\000f\000e\000c\000t\000\040\000K\000O\0006\000\040\000q\000u\000i\000v\000e\000r\000\040\000e\000m\000b\000e\000d\000d\000i\000n\000g\000\040\000a\000n\000d\000\040\000s\000p\000e\000c\000t\000r\000a\000l\000-\000s\000i\000g\000n\000\040\000g\000a\000t\000e}{}% 550
\BOOKMARK [1][-]{section.103.1}{\376\377\000F\000i\000n\000i\000t\000e\000\040\000a\000l\000g\000e\000b\000r\000a\000\040\004\070\000\040\000b\000i\000m\000o\000d\000u\000l\000e\000\040\000l\000a\000b\000e\000l\000s}{chapter.103}% 551
\BOOKMARK [1][-]{section.103.2}{\376\377\000K\000O\0006\000\040\000c\000o\000m\000p\000l\000e\000t\000i\000o\000n}{chapter.103}% 552
\BOOKMARK [1][-]{section.103.3}{\376\377\000O\000r\000d\000i\000n\000a\000r\000y\000\040\000s\000p\000e\000c\000t\000r\000a\000l\000\040\000q\000u\000a\000r\000t\000i\000c}{chapter.103}% 553
\BOOKMARK [1][-]{section.103.4}{\376\377\004\047\004\102\004\076\000\040\004\070\004\074\004\065\004\075\004\075\004\076\000\040\004\076\004\101\004\102\004\060\004\121\004\102\004\101\004\117\000\040\004\076\004\102\004\072\004\100\004\113\004\102\004\113\004\074}{chapter.103}% 554
\BOOKMARK [0][-]{chapter.104}{\376\377\000F\000a\000m\000i\000l\000y\040\023\000d\000e\000f\000e\000c\000t\000\040\000r\000e\000l\000a\000t\000i\000v\000e\000\040\000c\000u\000r\000v\000a\000t\000u\000r\000e\000\040\000a\000n\000d\000\040\000a\000u\000x\000i\000l\000i\000a\000r\000y\000-\000s\000i\000g\000n\000\040\000g\000a\000t\000e}{}% 555
\BOOKMARK [1][-]{section.104.1}{\376\377\000O\000r\000i\000e\000n\000t\000e\000d\000\040\000d\000i\000f\000f\000e\000r\000e\000n\000t\000i\000a\000l\000\040\004\070\000\040\000m\000i\000d\000d\000l\000e\000\040\000H\000o\000d\000g\000e\000\040\000c\000o\000m\000m\000u\000t\000a\000t\000o\000r}{chapter.104}% 556
\BOOKMARK [1][-]{section.104.2}{\376\377\004\037\004\076\004\107\004\065\004\074\004\103\000\040\000m\000a\000p\000p\000i\000n\000g\000-\000c\000o\000n\000e\000\040\000r\000o\000u\000t\000e\000\040\004\075\004\065\000\040\004\100\004\060\004\061\004\076\004\102\004\060\004\065\004\102}{chapter.104}% 557
\BOOKMARK [1][-]{section.104.3}{\376\377\004\037\004\076\004\107\004\065\004\074\004\103\000\040\004\115\004\102\004\076\000\040\004\075\004\065\000\040\004\101\004\102\004\100\004\076\004\063\004\070\004\071\000\040\000S\000O\000\050\0003\000\051\000\040\000D\000-\000t\000e\000r\000m}{chapter.104}% 558
\BOOKMARK [1][-]{section.104.4}{\376\377\000S\000e\000l\000f\000-\000a\000d\000j\000o\000i\000n\000t\000\040\000p\000o\000l\000a\000r\000i\000z\000a\000t\000i\000o\000n\000\040\004\070\000\040\000s\000i\000g\000n\000\040\000o\000b\000s\000t\000r\000u\000c\000t\000i\000o\000n}{chapter.104}% 559
\BOOKMARK [1][-]{section.104.5}{\376\377\004\025\004\064\004\070\004\075\004\060\004\117\000\040\000t\000r\000a\000c\000e\000\040\000n\000o\000r\000m\000a\000l\000i\000z\000a\000t\000i\000o\000n}{chapter.104}% 560
\BOOKMARK [1][-]{section.104.6}{\376\377\004\042\004\076\004\107\004\075\004\113\004\071\000\040\004\076\004\101\004\102\004\060\004\062\004\110\004\070\004\071\004\101\004\117\000\040\004\100\004\060\004\067\004\100\004\113\004\062}{chapter.104}% 561
\BOOKMARK [0][-]{chapter.105}{\376\377\000F\000a\000m\000i\000l\000y\040\023\000d\000e\000f\000e\000c\000t\000\040\000r\000e\000p\000r\000e\000s\000e\000n\000t\000e\000d\000\040\000d\000e\000g\000r\000e\000e\000-\000t\000w\000o\000\040\000j\000u\000n\000k\000\040\000g\000a\000t\000e}{}% 562
\BOOKMARK [1][-]{section.105.1}{\376\377\004\020\004\073\004\063\004\076\004\100\004\070\004\102\004\074\000\040\000q\000u\000o\000t\000i\000e\000n\000t}{chapter.105}% 563
\BOOKMARK [1][-]{section.105.2}{\376\377\000G\000e\000n\000e\000r\000i\000c\000\040\000K\000O\0006\000\040\000l\000e\000d\000g\000e\000r}{chapter.105}% 564
\BOOKMARK [1][-]{section.105.3}{\376\377\004\047\004\102\004\076\000\040\004\077\004\100\004\076\004\070\004\101\004\105\004\076\004\064\004\070\004\102\000\040\004\101\000\040\000m\000i\000d\000d\000l\000e\000\040\000c\000u\000r\000v\000a\000t\000u\000r\000e}{chapter.105}% 565
\BOOKMARK [1][-]{section.105.4}{\376\377\004\037\004\076\004\107\004\065\004\074\004\103\000\040\000r\000a\000d\000i\000a\000l\000\040\000r\000a\000n\000k\000\040\000j\000u\000m\000p\000\040\004\075\004\065\000\040\004\101\004\077\004\060\004\101\004\060\004\065\004\102\000\040\000r\000o\000u\000t\000e}{chapter.105}% 566
\BOOKMARK [1][-]{section.105.5}{\376\377\004\036\004\101\004\102\004\060\004\062\004\110\004\070\004\071\004\101\004\117\000\040\004\077\004\103\004\102\004\114}{chapter.105}% 567
\BOOKMARK [0][-]{chapter.106}{\376\377\000F\000a\000m\000i\000l\000y\040\023\000d\000e\000f\000e\000c\000t\000\040\000f\000e\000r\000m\000i\000o\000n\000i\000c\000\040\000m\000e\000a\000s\000u\000r\000e\000\040\000a\000n\000d\000\040\000H\000u\000b\000b\000a\000r\000d\040\023\000S\000t\000r\000a\000t\000o\000n\000o\000v\000i\000c\000h\000\040\000o\000r\000i\000g\000i\000n\000\040\000g\000a\000t\000e}{}% 568
\BOOKMARK [1][-]{section.106.1}{\376\377\000S\000t\000a\000n\000d\000a\000l\000o\000n\000e\000\040\000f\000i\000n\000i\000t\000e\000\040\000K\000O\0006\000\040\000b\000i\000l\000i\000n\000e\000a\000r}{chapter.106}% 569
\BOOKMARK [1][-]{section.106.2}{\376\377\000C\000o\000m\000p\000l\000e\000t\000e\000d\000\040\000G\000a\000u\000s\000s\000i\000a\000n\000\040\000m\000e\000a\000s\000u\000r\000e}{chapter.106}% 570
\BOOKMARK [1][-]{section.106.3}{\376\377\000H\000S\000\040\004\070\000\040\000t\000o\000r\000s\000i\000o\000n\000\040\000f\000o\000r\000k}{chapter.106}% 571
\BOOKMARK [1][-]{section.106.4}{\376\377\004\041\004\102\004\060\004\102\004\103\004\101}{chapter.106}% 572
\BOOKMARK [0][-]{chapter.107}{\376\377\004\041\004\062\004\076\004\064\004\075\004\076\004\065\000\040\004\064\004\065\004\100\004\065\004\062\004\076\000\040\004\103\004\101\004\077\004\065\004\110\004\075\004\113\004\105\000,\000\040\004\067\004\060\004\072\004\100\004\113\004\102\004\113\004\105\000\040\004\070\000\040\004\077\004\100\004\076\004\062\004\065\004\100\004\117\004\065\004\074\004\113\004\105\000\040\004\062\004\065\004\102\004\062\004\065\004\071}{}% 573
\BOOKMARK [0][-]{chapter.108}{\376\377\004\027\004\060\004\072\004\073\004\116\004\107\004\065\004\075\004\070\004\065\000:\000\040\004\070\004\102\004\076\004\063\000\040\004\042\004\076\004\074\004\060\000\040\000I\000V\000\040\004\070\000\040\004\063\004\100\004\060\004\075\004\070\004\106\004\060\000\040\004\101\004\073\004\065\004\064\004\103\004\116\004\111\004\065\004\071\000\040\004\062\004\065\004\100\004\101\004\070\004\070}{}% 574
\BOOKMARK [1][-]{section.108.1}{\376\377\004\041\004\076\004\077\004\076\004\101\004\102\004\060\004\062\004\073\004\065\004\075\004\070\004\065\000\040\004\070\004\101\004\105\004\076\004\064\004\075\004\113\004\105\000\040\004\106\004\065\004\073\004\065\004\071\000\040\004\070\000\040\004\100\004\065\004\067\004\103\004\073\004\114\004\102\004\060\004\102\004\060}{chapter.108}% 575
\BOOKMARK [1][-]{section.108.2}{\376\377\004\047\004\102\004\076\000\040\004\103\004\064\004\060\004\073\004\076\004\101\004\114\000\040\004\103\004\101\004\102\004\060\004\075\004\076\004\062\004\070\004\102\004\114\000\040\004\101\004\102\004\100\004\076\004\063\004\076}{chapter.108}% 576
\BOOKMARK [2][-]{subsection.108.2.1}{\376\377\000O\000b\000s\000e\000r\000v\000e\000d\000\040\000r\000e\000p\000r\000e\000s\000e\000n\000t\000a\000t\000i\000o\000n\000\040\000b\000a\000s\000e\000l\000i\000n\000e}{section.108.2}% 577
\BOOKMARK [2][-]{subsection.108.2.2}{\376\377\000F\000a\000m\000i\000l\000y\000\040\004\070\000\040\000f\000l\000a\000v\000o\000u\000r\000\040\000s\000t\000r\000u\000c\000t\000u\000r\000e}{section.108.2}% 578
\BOOKMARK [2][-]{subsection.108.2.3}{\376\377\000G\000e\000o\000m\000e\000t\000r\000i\000c\000\040\000c\000a\000r\000r\000i\000e\000r\000\040\004\070\000\040\000m\000e\000a\000s\000u\000r\000e}{section.108.2}% 579
\BOOKMARK [2][-]{subsection.108.2.4}{\376\377\000P\000a\000t\000i\040\023\000S\000a\000l\000a\000m\000\040\000b\000r\000a\000n\000c\000h}{section.108.2}% 580
\BOOKMARK [2][-]{subsection.108.2.5}{\376\377\000F\000a\000m\000i\000l\000y\040\023\000d\000e\000f\000e\000c\000t\000\040\000b\000r\000a\000n\000c\000h}{section.108.2}% 581
\BOOKMARK [1][-]{section.108.3}{\376\377\004\023\004\073\004\060\004\062\004\075\004\113\004\065\000\040\004\076\004\102\004\100\004\070\004\106\004\060\004\102\004\065\004\073\004\114\004\075\004\113\004\065\000\040\004\100\004\065\004\067\004\103\004\073\004\114\004\102\004\060\004\102\004\113}{chapter.108}% 582
\BOOKMARK [1][-]{section.108.4}{\376\377\004\041\004\100\004\065\004\067\000\040\004\077\004\076\000\040\004\077\004\100\004\076\004\063\004\100\004\060\004\074\004\074\004\065\000\040\004\062\000\040\004\106\004\065\004\073\004\076\004\074}{chapter.108}% 583
\BOOKMARK [1][-]{section.108.5}{\376\377\004\047\004\102\004\076\000\040\004\077\004\065\004\100\004\065\004\075\004\076\004\101\004\070\004\102\004\101\004\117\000\040\004\062\000\040\004\101\004\073\004\065\004\064\004\103\004\116\004\111\004\070\004\071\000\040\004\102\004\076\004\074}{chapter.108}% 584
\BOOKMARK [2][-]{subsection.108.5.1}{\376\377\000C\000a\000r\000r\000i\000e\000r\000-\000f\000i\000r\000s\000t\000\040\000r\000o\000u\000t\000e}{section.108.5}% 585
\BOOKMARK [2][-]{subsection.108.5.2}{\376\377\000F\000i\000n\000i\000t\000e\000-\000g\000e\000o\000m\000e\000t\000r\000y\000\040\000r\000o\000u\000t\000e}{section.108.5}% 586
\BOOKMARK [2][-]{subsection.108.5.3}{\376\377\000B\000o\000u\000n\000d\000a\000r\000y\000-\000s\000o\000u\000r\000c\000e\000\040\000r\000o\000u\000t\000e}{section.108.5}% 587
\BOOKMARK [1][-]{section.108.6}{\376\377\004\044\004\070\004\075\004\060\004\073\004\114\004\075\004\076\004\065\000\040\004\067\004\060\004\072\004\073\004\116\004\107\004\065\004\075\004\070\004\065}{chapter.108}% 588
